Workbook

Sheet Theory
B1: Mazak VARIAXIS i-500 | CLS → Machine Coordinates | Theory Reference
B3: MACHINE CONFIGURATION | C3: Table-Table | AC configuration | Mazak VARIAXIS i-500
B4: Rotation order | C4: C (inner, closest to workpiece) → A (outer, tilts table)
B5: A-axis | C5: Rotates around X-axis. Positive A = table front tilts UP (toward back of machine). Range: -120° to +30°
B6: C-axis | C6: Rotates around Z-axis. Positive C = CCW when viewed from above. Range: 360° continuous
B7: Home position | C7: A=0, C=0 → table flat, spindle vertical, tool axis = (0, 0, 1)
B8: Pivot point | C8: Px = 0, Py = 0, Pz = 10 mm (above table surface, set in Config sheet)
B9: Tool length | C9: Ignored — CLS is gauge point
B10: WHAT CLS PROVIDES
B11: x, y, z | C11: Tool tip position in WORKPIECE coordinates (mm)
B12: i, j, k | C12: Tool axis unit vector in WORKPIECE coordinates. Vertical tool pointing up from part = (0, 0, 1)
B13: STEP 1 — ROTARY ANGLES | C13: Solve A and C from the tool axis vector (i, j, k)
B14: Forward relationship | C14: When table rotates by A then C, the tool axis in workpiece frame becomes: i = sin(A)·sin(C) j = sin(A)·cos(C) k = cos(A)
B15: Solve A | C15: A = ACOS( k ) gives 0° to 180° Sign of A is determined by sign of j: j ≥ 0 → A_mazak = +ACOS(k) (tilting toward back, positive) j < 0 → A_mazak = −ACOS(k) (tilting toward front, negative)
B16: Solve C | C16: C = ATAN2( i, j ) gives −180° to +180° Note: ATAN2 in Excel = ATAN2(x, y) — Excel argument order is reversed vs math convention. Excel formula: =DEGREES(ATAN2(j, i))
B17: Singularity | C17: When k=1 (vertical tool, A=0): i=j=0, C is undefined. Output C=0 by convention.
B18: STEP 2 — LINEAR AXES | C18: Compute machine XYZ with RTCP OFF and pivot offset
B19: Concept | C19: The table physically rotates — so the post must back-calculate where the spindle must be to keep the tool tip at the correct workpiece point.
B20: Step 2a — Translate to pivot | C20: dx = x − Px dy = y − Py dz = z − Pz
B21: Step 2b — Inverse C rotation | C21: Rotate by −C (undo C table rotation): x1 = dx·cos(C) + dy·sin(C) y1 = −dx·sin(C) + dy·cos(C) z1 = dz
B22: Step 2c — Inverse A rotation | C22: Rotate by −A (undo A table rotation): x2 = x1 y2 = y1·cos(A) + z1·sin(A) z2 = −y1·sin(A) + z1·cos(A)
... B25: VERIFICATION — 90° tilt back | C25: CLS: x=0, y=0, z=0, i=0, j=1, k=0 → A=+90°, C=0° → dx=0, dy=0, dz=−10 → x1=0, y1=0, z1=−10 (C=0, no change) → x2=0, y2=0·cos90+(−10)·sin90=−10, z2=0·(−sin90)+(−10)·cos90=0 → X=0, Y=−10+0=−10, Z=0+10=10 (tool tip displaced as expected by pivot)
B27: RTCP OFF — TWO INTERPRETATIONS
B28: Mode 1: Raw passthrough | C28: The post outputs rotary angles (A, C) and passes XYZ unchanged from CLS. X_m = X_cls, Y_m = Y_cls, Z_m = Z_cls This is what NX Post Builder actually outputs in standard rotary mode. The pivot value in Post Builder has NO effect on G-code in this mode.
B29: Mode 2: Pivot compensation | C29: Full inverse kinematic calculation — the post computes corrected XYZ to account for the physical rotation of the table about the pivot point. Required only if the controller has NO built-in RTCP/TCPM (rare on modern machines). Useful for: verification, collision checking, understanding physical axis travel.
B30: Why pivot in Post Builder has no effect | C30: NX's kinematic solver uses pivot only for simulation display. RTCP ON → controller handles pivot internally (its own parameter, not from post). RTCP OFF → post outputs raw angles + raw XYZ, no compensation applied. Either way, the pivot value entered in Post Builder does not appear in G-code.
B31: DMG DMU 65 changes vs Mazak | C31: Same AC table-table kinematics and same math. Only Config sheet changes: • A-axis max: +30° (Mazak) → +120° (DMU 65) • Py pivot: 0 (Mazak example) → +70 mm (DMU 65) • Pz pivot: 10 mm (Mazak example) → +70 mm (DMU 65) All formulas in Calculator sheet are unchanged.
B33: BC TABLE-TABLE KINEMATICS
B34: Machine example | C34: DMG DMU 50 (3rd gen) | B-axis: -35° to +110° | C-axis: 360° B rotates around Y-axis. C rotates around Z-axis (inner).
B35: Forward relationship | C35: When table rotates by B (outer) then C (inner), tool axis in workpiece frame: i = sin(B) · cos(C) j = -sin(B) · sin(C) k = cos(B) Derived from: R_C^T · R_B^T · (0,0,1)
B36: Solve B | C36: B = ACOS(k) → sign from sign of i: i ≥ 0 → B positive (tilt toward +X) i < 0 → B negative Singularity: i=0 and j=0 → B=0, C=0
B37: Solve C | C37: C = atan2(−j, i) Excel formula: =DEGREES(ATAN2(I_cell, −J_cell)) Note: Excel ATAN2(x,y) = atan(y/x), so arguments are (i, −j)
B38: BC vs AC — key difference | C38: AC: B-rotation is around X → Y and Z mix BC: B-rotation is around Y → X and Z mix, Y is decoupled AC inverse rotation (X-axis): Xm = x1 + Px Ym = y1·cos(A) + z1·sin(A) + Py Zm = −y1·sin(A) + z1·cos(A) + Pz BC inverse rotation (Y-axis): Xm = x1·cos(B) + z1·sin(B) + Px Ym = y1 + Py Zm = −x1·sin(B) + z1·cos(B) + Pz
B39: Verification — vertical tool | C39: CLS: i=0,j=0,k=1 → B=0, C=0 dx=0, dy=0, dz=−Pz x1=0 (C=0), y1=0, z1=−Pz Xm = 0·cos0+(−Pz)·sin0+Px = 0+Px ✓ Ym = 0+Py ✓ Zm = 0+(−Pz)·cos0+Pz = −Pz+Pz = 0 ✓
B40: Verification — B=+90° tilt | C40: CLS: i=1,j=0,k=0 → B=90°, C=0° dx=0, dy=0, dz=−Pz x1=0, y1=0, z1=−Pz (C=0, no change) Xm = 0·cos90+(−Pz)·sin90+Px = −Pz+Px Ym = 0+Py ✓ (Y unchanged for BC) Zm = −0·sin90+(−Pz)·cos90+Pz = 0+Pz = Pz (pivot height remains) ✓
B42: BC HEAD-TABLE KINEMATICS
B43: Machine example | C43: Mazak Vortex i-630V (also INTEGREX i-630V) | B-axis (spindle head swivel): -30° to +120° | C-axis (rotary table): 360° B rotates around Y-axis. C rotates the WORKPIECE around Z-axis.
B44: Fundamental difference from table-table | C44: Table-table: BOTH rotations act on the workpiece. Tool axis is fixed in machine frame. Head-table: B rotates the SPINDLE (tool axis changes in machine frame). C rotates the TABLE (workpiece changes in machine frame). These are INDEPENDENT kinematic chains — B and C are solved separately.
B45: Solve B from (i, j, k) | C45: B rotates the spindle around Y-axis. At B=0, spindle points down = (0,0,1) in workpiece CLS. Forward: i = sin(B), j = 0, k = cos(B) → B = ATAN2(i, k) [full quadrant, no sign ambiguity needed] → j should always = 0 for this machine. If j≠0 in your CLS, verify your post setup. Excel: =DEGREES(ATAN2(K_cell, I_cell)) [Excel ATAN2(x,y)=atan(y/x) → use ATAN2(k,i)]
B46: Solve C | C46: C rotates the TABLE — it is an INDEPENDENT positional axis. C is NOT derived from (i,j,k) because it does not affect the tool axis direction. In practice: C is programmed explicitly in the G-code (e.g. C0., C90., C180.) or driven by the CAM system as a separate rotary positioning move. → Calculator defaults C=0. Manually enter C in column K to simulate other positions.
B47: XYZ Mode 2 — Pivot compensation (head-table) | C47: Two effects to compensate: 1. C rotates the WORKPIECE: the workpiece point moves relative to MCS x_rot = x·cos(C) + y·sin(C) + Px y_rot = -x·sin(C) + y·cos(C) + Py z_rot = z + Pz 2. B swivels the SPINDLE HEAD: tool tip swings in XZ plane relative to B pivot X_m = x_rot + Pb·sin(B) Y_m = y_rot (Y unaffected by B) Z_m = z_rot - Pb·(1 - cos(B)) (Z drops as B tilts) Where Pb = distance from B-axis centre of rotation to spindle nose (Config F15).
B48: Verification — vertical tool, C=0 | C48: CLS: i=0, j=0, k=1 → B=ATAN2(0,1)=0°, C=0° x_rot=0+Px, y_rot=0+Py, z_rot=0+Pz X_m = Px + Pb·sin(0) = Px ✓ Y_m = Py ✓ Z_m = Pz - Pb·(1-cos(0)) = Pz - 0 = Pz ✓
B49: Verification — B=+90° tilt (i=1, k=0) | C49: CLS: i=1, j=0, k=0 → B=ATAN2(1,0)=90°, C=0° x_rot=0+Px, y_rot=0+Py, z_rot=0+Pz (C=0, no rotation) X_m = Px + Pb·sin(90°) = Px + Pb Y_m = Py ✓ Z_m = Pz - Pb·(1-cos(90°)) = Pz - Pb (spindle nose drops by Pb) ✓
B50: Comparison: all 3 kinematic types in this workbook | C50: AC Table-Table: A=ACOS(k)×SIGN(j) C=ATAN2(i,j) XYZ: inverse rotate X then Z BC Table-Table: B=ACOS(k)×SIGN(i) C=ATAN2(-j,i) XYZ: inverse rotate Y then Z BC Head-Table: B=ATAN2(i,k) C=independent XYZ: C rotates workpiece + B adds head offset
B52: BC HEAD-HEAD KINEMATICS
B53: Machine example | C53: Hartford Aero-426 (5BC series) | B-axis: ±100° | C-axis: ±240° Fork-type head: C rotates the entire B+spindle assembly (outer). B tilts the spindle within the C fork (inner). WORKPIECE IS FIXED — the table never moves.
B54: Rotation order | C54: C first (outer) → rotates the entire head assembly around Z-axis. B second (inner) → tilts the spindle around Y-axis within the C-rotated frame. Compare with table-table where C is inner (closest to workpiece): Head-head reverses the nesting: C is OUTER, B is INNER.
B55: Forward relationship | C55: Apply C (outer) then B (inner) to spindle vector (0,0,1): R_C · R_B · {0,0,1}: Step 1 — R_B · {0,0,1} = { sin(B), 0, cos(B) } Step 2 — R_C · { sin(B), 0, cos(B) }: i = sin(B)·cos(C) j = sin(B)·sin(C) k = cos(B) This is IDENTICAL to BC table-table forward relationship! The difference is in HOW B and C are physically implemented.
B56: Solve B | C56: B = ACOS(k) range: 0° to 180°, physical ±100° B is always ≥ 0 — C selects which direction the tilt faces. No SIGN(i) or SIGN(j) needed. This is the key difference from BC table-table. Singularity: k=1 → B=0, C=0.
B57: Solve C | C57: C = ATAN2(j, i) range: ±240° for Hartford Excel formula: =DEGREES(ATAN2(I_cell, J_cell)) [Excel ATAN2(x,y)=atan(y/x)] Same formula as AC table-table C angle. j ≠ 0 is valid and expected (unlike BC head-table where j should be 0).
B58: BC-HH vs BC-TT — why B formula differs | C58: BC Table-Table: B = ACOS(k) × SIGN(i) → Sign of i tells us which way the table physically tilted. → B can be negative. BC Head-Head: B = ACOS(k) [always positive] → The head can tilt in any direction via C. → B is the MAGNITUDE of tilt. C is the DIRECTION of tilt. → i and j together encode both angle and direction via C=ATAN2(j,i).
B59: XYZ Mode 2 — Pivot compensation (head-head) | C59: Workpiece is fixed — no table rotation to compensate. Only the head pivot causes XYZ offset. The head swings in the direction defined by C, by amount Pb·sin(B): X_m = x + Pb·sin(B)·cos(C) Y_m = y + Pb·sin(B)·sin(C) Z_m = z - Pb·(1 - cos(B)) [Z always drops when B tilts] Where Pb = distance from B-axis centre to spindle nose (Config G16).
B60: Verification — vertical tool | C60: i=0, j=0, k=1 → B=ACOS(1)=0°, C=0° X_m = x + Pb·sin0·cos0 = x ✓ Y_m = y + Pb·sin0·sin0 = y ✓ Z_m = z - Pb·(1-cos0) = z - 0 = z ✓
B61: Verification — B=90°, C=0° (tilt toward +X) | C61: i=1, j=0, k=0 → B=ACOS(0)=90°, C=ATAN2(0,1)=0° X_m = x + Pb·sin90·cos0 = x + Pb (head swings +X) ✓ Y_m = y + Pb·sin90·sin0 = y ✓ Z_m = z - Pb·(1-cos90) = z - Pb (nose drops by Pb) ✓
B62: Verification — B=90°, C=90° (tilt toward +Y) | C62: i=0, j=1, k=0 → B=ACOS(0)=90°, C=ATAN2(1,0)=90° X_m = x + Pb·sin90·cos90 = x + 0 = x ✓ Y_m = y + Pb·sin90·sin90 = y + Pb (head swings +Y) ✓ Z_m = z - Pb·(1-cos90) = z - Pb ✓
B63: ALL 4 KINEMATIC TYPES SUMMARY
B64: AC Table-Table | C64: A=ACOS(k)×SIGN(j) | C=ATAN2(i,j) XYZ: inverse rotate C then A. Workpiece rotates. A around X-axis.
B65: BC Table-Table | C65: B=ACOS(k)×SIGN(i) | C=ATAN2(-j,i) XYZ: inverse rotate C then B. Workpiece rotates. B around Y-axis.
B66: BC Head-Table | C66: B=ATAN2(i,k) | C=independent (j should=0) XYZ: C rotates workpiece coords + B adds head pivot offset.
B67: BC Head-Head | C67: B=ACOS(k) [always ≥0] | C=ATAN2(j,i) XYZ: workpiece fixed. Mode 2 adds Pb·sin(B) in C direction.
B69: BC NUTATING 45° HEAD-TABLE KINEMATICS
B70: Machine example | C70: DMG DMC 80U duoBLOCK | B-axis: -30° to +150° (180° total) | C-axis: 360° The B-axis rotation centerline is tilted 45° between Y and Z axes. C rotates the table independently (same as standard BC head-table). Workpiece sits on C-table. Spindle head carries the nutating B-axis.
B71: Why this is different | C71: Standard BC head-table (M4): B rotates around Y-axis (orthogonal). Nutating head (M6): B rotates around an axis tilted α=45° from Z toward Y. B-axis unit vector: n = (0, sin(α), cos(α)) = (0, 1/√2, 1/√2) A single B rotation produces simultaneous X, Y, and Z motion at the tool tip. Standard Rx/Ry matrices cannot be used — requires Rodrigues rotation formula.
B72: Rodrigues rotation formula | C72: For rotation by β around unit axis n=(nx,ny,nz): R = cos(β)·I + sin(β)·[n]× + (1−cos(β))·(n⊗n) For n=(0, 1/√2, 1/√2): R_B = [ cos(β) −sin(β)/√2 sin(β)/√2 ] [ sin(β)/√2 (1+cos(β))/2 (1−cos(β))/2 ] [−sin(β)/√2 (1−cos(β))/2 (1+cos(β))/2 ]
B73: Forward relationship | C73: Apply R_B to spindle vector (0,0,1): i = sin(β)/√2 ← always ≥ 0 when β ∈ [0°,180°] j = (1 − cos(β)) / 2 ← always ≥ 0 k = (1 + cos(β)) / 2 ← always ∈ [0,1] General form for any tilt angle α: i = sin(β)·sin(α) j = (1−cos(β))·sin(α)·cos(α) k = cos²(α)·(1−cos(β)) + cos(β)
B74: Solve B from (i,j,k) | C74: From the general k equation: k = cos²(α)·(1−cos(β)) + cos(β) k = 1 − sin²(α)·(1−cos(β)) (1−cos(β)) = (1−k) / sin²(α) cos(β) = 1 − (1−k)/sin²(α) At α=45°, sin²(α)=0.5: cos(β) = 1 − 2(1−k) = 2k − 1 β = ACOS(2k − 1) Sign of β: from sign of i (since i=sin(β)·sin(α), always same sign as sin(β)) i ≥ 0 → β positive i < 0 → β negative Excel: =IF(I=0,0, IF(I>=0, DEGREES(ACOS(2*K-1)), -DEGREES(ACOS(2*K-1))))
B75: Solve C | C75: C = ATAN2(j, i) [same formula as AC-TT and BC-HH] Excel: =DEGREES(ATAN2(I_cell, J_cell)) Singularity: i=0 and j=0 (vertical tool, β=0) → C=0.
B76: XYZ Mode 2 — Pivot compensation (BC-NUT) | C76: C rotates workpiece (identical to standard BC head-table): x_rot = x·cos(C) + y·sin(C) + Px y_rot = −x·sin(C) + y·cos(C) + Py z_rot = z + Pz B nutating head pivot offset (from Rodrigues applied to Pb along spindle): dX = Pb·sin(β)·sin(α) dY = Pb·(1−cos(β))·sin(α)·cos(α) dZ = −Pb·sin²(α)·(1−cos(β)) [always negative, Z drops] Final: X_m = x_rot + dX Y_m = y_rot + dY Z_m = z_rot + dZ At α=45°: dX=Pb·sin(β)/√2, dY=Pb·(1−cos(β))/2, dZ=−Pb·(1−cos(β))/2
B77: Verification — vertical tool | C77: i=0, j=0, k=1 → cos(β)=2(1)−1=1 → β=0°, C=0° dX=Pb·0/√2=0, dY=Pb·(1−1)/2=0, dZ=−Pb·(1−1)/2=0 X_m=x, Y_m=y, Z_m=z ✓
B78: Verification — β=90° tilt | C78: At β=90°: i=1/√2, j=0.5, k=0.5 → cos(β)=0, ACOS(2·0.5−1)=ACOS(0)=90° ✓ C=ATAN2(0.5, 1/√2)=ATAN2(0.5, 0.707)=35.26° dX=Pb·1·(1/√2)=Pb/√2 dY=Pb·(1−0)·(1/√2)·(1/√2)=Pb·0.5 dZ=−Pb·0.5·(1−0)=−Pb·0.5 Tool tip swings in XYZ as expected for 45° axis. ✓
B79: ALL KINEMATIC TYPES — COMPLETE SUMMARY
B80: AC Table-Table (M1,M2) | C80: A=ACOS(k)×SIGN(j) | C=ATAN2(i,j) | XYZ: inv-rotate C then A (around X). Workpiece rotates.
B81: BC Table-Table (M3) | C81: B=ACOS(k)×SIGN(i) | C=ATAN2(−j,i) | XYZ: inv-rotate C then B (around Y). Workpiece rotates.
B82: BC Head-Table orthogonal (M4) | C82: B=ATAN2(i,k) | C=0 (independent) | XYZ: C rotates workpiece + B adds head offset in XZ.
B83: BC Head-Head (M5) | C83: B=ACOS(k) [≥0] | C=ATAN2(j,i) | XYZ: workpiece fixed + Rodrigues in C direction.
B84: BC Nutating 45° Head-Table (M6) | C84: B=ACOS(2k−1)×SIGN(i) | C=ATAN2(j,i) | XYZ: C rotates workpiece + Rodrigues B offset (α=45°). Key: cos(β)=2k−1 is unique to 45° tilt. For other α, use cos(β)=1−(1−k)/sin²(α).
B86: BC ARBITRARY TABLE-TABLE (BC-ARB) KINEMATICS
B87: Machine example | C87: DMG DMU 60 eVo | B-axis: −5° to +110° | C-axis: 360° unlimited continuous B-axis unit vector: n = (0.584926, −0.573525, 0.573525) Angles: 54.2° from +X, 125.0° from +Y, 55.0° from +Z Configuration: Table-Table — both B and C act on the workpiece. C is inner (closest to workpiece, rotates around Z), B is outer (arbitrary axis).
B88: Why this is the most general case | C88: All previous table-table machines (AC-TT, BC-TT) had B or A rotating around a standard orthogonal axis (X or Y). Standard Rx / Ry matrices apply. The DMU 60 eVo has B rotating around an arbitrary unit vector n=(nx,ny,nz). No standard rotation matrix applies — Rodrigues rotation formula is required. This is the most general 5-axis table-table kinematic possible.
B89: Key insight: C does NOT appear in (i,j,k) | C89: For table-table with C inner (around Z) and B outer (arbitrary): Tool axis = R_B^T · R_C^T · (0,0,1) But R_C^T · (0,0,1) = (0,0,1) [C rotates around Z, Z-vector unchanged] So: (i,j,k) = R_B^T · (0,0,1) — INDEPENDENT OF C! B is solved entirely from (i,j,k) alone. C is solved from the position equations (workpiece XY rotation).
B90: Rodrigues rotation for arbitrary B-axis | C90: n = (nx, ny, nz) = (0.584926, −0.573525, 0.573525) R_B^T · (0,0,1) [forward: tool axis in workpiece frame]: i = −sin(B)·ny + nx·nz·(1−cos(B)) j = sin(B)·nx + ny·nz·(1−cos(B)) k = nz²·(1−cos(B)) + cos(B) Note the signs — this is R_B^T (back-rotation), NOT R_B.
B91: Solve B from (i,j,k) | C91: From the k equation: k = nz²·(1−cos(B)) + cos(B) = nz² + (1−nz²)·cos(B) cos(B) = (k − nz²) / (1 − nz²) ← elegant closed form B_magnitude = ACOS((k − nz²) / (1 − nz²)) Sign determination — sign proxy: proxy = i·ny − j·nx = −sin(B)·(nx²+ny²) = −sin(B)·(1−nz²) proxy < 0 → sin(B) > 0 → B is POSITIVE proxy > 0 → sin(B) < 0 → B is NEGATIVE proxy = 0 → B = 0 (singularity or vertical tool) Excel: =IF(proxy<=0, DEGREES(ACOS(cosB)), -DEGREES(ACOS(cosB)))
B92: Solve C from back-rotated tool vector | C92: After solving B, back-rotate (i,j,k) by −B around n using Rodrigues: dot = i·nx + j·ny + k·nz cross = n × (i,j,k) = (ny·k−nz·j, nz·i−nx·k, nx·j−ny·i) back_i = cos(B)·i − sin(B)·cross_x + (1−cos(B))·dot·nx back_j = cos(B)·j − sin(B)·cross_y + (1−cos(B))·dot·ny C = ATAN2(back_j, back_i) [Excel convention] The back-rotated vector removes the B contribution, leaving only the C rotation.
B93: Verification — vertical tool (B=0, C=any) | C93: i=0, j=0, k=1: cosB=(1−nz²)/(1−nz²)=1 → B=ACOS(1)=0° ✓ proxy=0·ny−0·nx=0 → singularity → B=0 ✓ C=ATAN2(0,0)=0° (singularity, output 0 by convention) ✓
B94: Verification — B=90° (from Python test) | C94: i=0.9090, j=0.2560, k=0.3289 (from R_B^T·(0,0,1) at B=90°, C=0°): cosB=(0.3289−0.3289)/0.6711=0 → B=ACOS(0)=90° ✓ proxy=0.9090·(−0.5735)−0.2560·0.5849=−0.5212−0.1497=−0.6709<0 → B positive ✓ Back-rotate (0.909,0.256,0.329) by −90° around n → (0,0,1) → C=0° ✓
B95: XYZ Mode 2 — Pivot compensation (BC-ARB table-table) | C95: Same structure as orthogonal table-table, but B rotation uses Rodrigues: Step 1 — Translate to pivot: dx=x−Px, dy=y−Py, dz=z−Pz Step 2 — Apply C rotation (inner, around Z): x1 = dx·cos(C)+dy·sin(C) y1 = −dx·sin(C)+dy·cos(C) z1 = dz Step 3 — Apply B rotation (outer, Rodrigues around n): dot = x1·nx+y1·ny+z1·nz cross = n×(x1,y1,z1) xB = cos(B)·x1+sin(B)·cross_x+(1−cos(B))·dot·nx yB = cos(B)·y1+sin(B)·cross_y+(1−cos(B))·dot·ny zB = cos(B)·z1+sin(B)·cross_z+(1−cos(B))·dot·nz Step 4 — Translate back: X_m=xB+Px, Y_m=yB+Py, Z_m=zB+Pz
B96: General formula — works for any B-axis vector | C96: The DMU 60 eVo formula generalises to ANY table-table machine with arbitrary B-axis. Change n=(nx,ny,nz) in Config C15:C17 to adapt to a different machine. Special cases recoverable from the general formula: n=(1,0,0) → nx=1,ny=nz=0 → reduces to standard AC-TT (A around X) n=(0,1,0) → ny=1,nx=nz=0 → reduces to standard BC-TT (B around Y) Both verify: cosB=(k−0)/(1−0)=k → B=ACOS(k), sign from i or j as appropriate.
B97: COMPLETE KINEMATIC TYPES SUMMARY
B98: AC Table-Table (M1,M2) | C98: A=ACOS(k)×SIGN(j) | C=ATAN2(i,j) | Workpiece rotates (A around X, C around Z)
B99: BC Table-Table (M3) | C99: B=ACOS(k)×SIGN(i) | C=ATAN2(−j,i) | Workpiece rotates (B around Y, C around Z)
B100: BC Head-Table (M4) | C100: B=ATAN2(i,k) | C=0 (independent) | B rotates spindle, C rotates table
B101: BC Head-Head (M5) | C101: B=ACOS(k)[≥0] | C=ATAN2(j,i) | Workpiece fixed, both rotations in head
B102: BC Nutating 45° (M6) | C102: B=ACOS(2k−1)×SIGN(i) | C=ATAN2(j,i) | Head-table, B-axis tilted 45° from Z
B103: BC Arbitrary TT (M7) | C103: B=ACOS((k−nz²)/(1−nz²))×sign(proxy) | C=back-rotate | Table-table, arbitrary B-axis vector
B105: CORRECTIONS & AUDIT NOTES
B106: M7 BC-ARB axis vector corrected | C106: PREVIOUS (wrong): n = (0.584926, −0.573525, 0.573525) CORRECT (from Post Builder): n = (−0.584825, 0.573576, −0.573576) The vectors are negated — same physical axis but OPPOSITE positive rotation direction. Effect: B angles had correct magnitude but could give wrong sign for specific (i,j,k). Config C15:C17 updated. Sign proxy rule (proxy<0 → B positive) is UNCHANGED.
B107: M7 C angle: CANNOT be derived from (i,j,k) | C107: For table-table with C inner (around Z) and B outer (any axis): Tool axis = R_B^T · R_C^T · (0,0,1) R_C^T · (0,0,1) = (0,0,1) — Z-vector is invariant under Z-rotation Therefore tool axis is INDEPENDENT of C. Back-rotating (i,j,k) by R_B always recovers (0,0,1) — no C information. C must be treated as an independent positional axis (like M4 BC-HT). CORRECTED: M7 C formula now outputs 0. Enter actual C manually in column L.
B108: XYZ Mode 2 = actual G-code output | C108: CLARIFICATION: For table-table machines (M1-M3, M7), the G-code XYZ values ARE the inverse kinematic positions — NOT the raw CLS xyz. Verified: CLS(-86, -120.03, 22.34) with A=-90°, C=-180° gives: Mode 2 (Pz=0): Xm=86, Ym=-22.34, Zm=120.03 ✓ (matches G-code exactly) Mode 1 (raw): X=-86, Y=-120.03, Z=22.34 ✗ (does NOT match G-code) MODE 2 is now the DEFAULT. Pz set to 0 for M1.
B109: C = +180° vs C = −180° | C109: Both are physically equivalent (same table position). Our formula gives C = +180° for the test case; G-code shows C = −180°. This is a branch selection convention. The machine accepts both. To force negative branch when |C|=180: add IF(ABS(C)=180, -180, C) wrapper if needed.
B110: ALL AXIS VECTORS VERIFIED (from Post Builder) | C110: M1,M2 AC-TT: A = (1,0,0) C = (0,0,1) ✓ M3 BC-TT: B = (0,1,0) C = (0,0,1) ✓ M4 BC-HT: B = (0,1,0) C = (0,0,1) ✓ M5 BC-HH: B = (0,1,0) C = (0,0,1) ✓ M6 BC-NUT: B = (0, 0.707107, 0.707107) C = (0,0,1) ✓ M7 BC-ARB: B = (−0.584825, 0.573576, −0.573576) C = (0,0,1) CORRECTED ✓

Sheet Config
B1: Machine Configuration & Parameters — 5-Axis CLS Calculator
B3: MACHINE SELECTOR
B4: Selected Machine | C4: 1 | D4: (1 to 7)
B5: Machine 1 | C5: Mazak VARIAXIS i-500 | D5: AC-TT | E5: Table-Table | A: -120/+30° | C: 360° unlimited
B6: Machine 2 | C6: DMG DMU 65 monoBLOCK | D6: AC-TT | E6: Table-Table | A: ±120° | C: 360° unlimited
B7: Machine 3 | C7: DMG DMU 50 (3rd gen) | D7: BC-TT | E7: Table-Table | B: -5/+110° | C: 360° unlimited
B8: Machine 4 | C8: Mazak Vortex i-630V | D8: BC-HT | E8: Head-Table | B: -30/+120° | C: 360° unlimited
B9: Machine 5 | C9: Hartford Aero-426 | D9: BC-HH | E9: Head-Head | B: ±110° | C: ±360°
B10: Machine 6 | C10: DMG DMC 80U duoBLOCK | D10: BC-NUT | E10: Head-Table 45° Nutating | B: -30/+180° | C: 360° unlimited
B11: Machine 7 | C11: DMG DMU 60 eVo | D11: BC-ARB | E11: Table-Table Arbitrary B-axis | B: -5/+180° | C: 360° unlimited
B13: B-AXIS UNIT VECTOR (Machine 7 — DMU 60 eVo arbitrary B-axis)
B14: Component | C14: Value | D14: Note
B15: nx (X component) | C15: -0.584825 | D15: Angle from +X axis = 54.2°
B16: ny (Y component) | C16: 0.573576 | D16: Angle from +Y axis = 55.0°
B17: nz (Z component) | C17: -0.573576 | D17: Angle from +Z axis = 125.0°
B19: DERIVED CONSTANTS (auto-computed from nx, ny, nz above — do not edit)
B20: nz² | C20: =C17*C17 -> 0.32898943 | D20: 0.328931 (nz squared)
B21: 1 − nz² | C21: =1-C17*C17 -> 0.67101057 | D21: 0.671069 (1 minus nz squared)
B22: nx·nz | C22: =C15*C17 -> 0.33544158 | D22: 0.335470 (nx times nz)
B23: ny·nz | C23: =C16*C17 -> -0.32898943 | D23: -0.328931 (ny times nz)
B25: PIVOT POINT (per machine — edit values below)
B26: Parameter | C26: M1 Mazak i-500 | D26: M2 DMU65 | E26: M3 DMU50 | F26: M4 Vortex | G26: M5 Hartford | H26: M6 DMC80U | I26: M7 DMU60eVo
B27: Px (mm) | C27: 0 | D27: 0 | E27: 0 | F27: 0 | G27: 0 | H27: 0 | I27: 0
B28: Py (mm) | C28: 0 | D28: 70 | E28: 0 | F28: 0 | G28: 0 | H28: 0 | I28: 0
B29: Pz (mm) | C29: 0 | D29: 70 | E29: 10 | F29: 0 | G29: 0 | H29: 0 | I29: 0
B30: Pb (mm) Head pivot (M4-7) | C30: 0 | D30: 0 | E30: 0 | F30: 100 | G30: 150 | H30: 120 | I30: 0
B32: AXIS LIMITS (per machine — edit values below)
B33: Parameter | C33: M1 Mazak i-500 | D33: M2 DMU65 | E33: M3 DMU50 | F33: M4 Vortex | G33: M5 Hartford | H33: M6 DMC80U | I33: M7 DMU60eVo
B34: 1st Rotary min (A or B°) | C34: -120 | D34: -120 | E34: -5 | F34: -30 | G34: -110 | H34: -30 | I34: -5
B35: 1st Rotary max (A or B°) | C35: 30 | D35: 120 | E35: 110 | F35: 120 | G35: 110 | H35: 180 | I35: 180
B36: C-axis min (°) | C36: -999999 | D36: -999999 | E36: -999999 | F36: -999999 | G36: -360 | H36: -999999 | I36: -999999
B37: C-axis max (°) | C37: 999999 | D37: 999999 | E37: 999999 | F37: 999999 | G37: 360 | H37: -999999 | I37: 999999
B39: C is unlimited continuous — set to ±999999 to effectively disable limit check. Adjust to your actual control soft limits if known.
B41: KINEMATIC TYPE SUMMARY
B42: Machine 1 | C42: AC-TT | D42: Table-Table: A (tilt, around X) + C (rotate, around Z). Workpiece rotates.
B43: Machine 2 | C43: AC-TT | D43: Table-Table: A (tilt, around X) + C (rotate, around Z). Workpiece rotates.
B44: Machine 3 | C44: BC-TT | D44: Table-Table: B (tilt, around Y) + C (rotate, around Z). Workpiece rotates.
B45: Machine 4 | C45: BC-HT | D45: Head-Table: B swivels spindle (around Y). C rotates table independently.
B46: Machine 5 | C46: BC-HH | D46: Head-Head: C rotates head (outer). B tilts spindle (inner). Workpiece FIXED.
B47: Machine 6 | C47: BC-NUT | D47: Head-Table 45° Nutating: B-axis tilted 45° from Z. Rodrigues rotation.
B48: Machine 7 | C48: BC-ARB | D48: Table-Table Arbitrary B: B rotates around n=(0.585,−0.574,0.574). C unlimited. Rodrigues.
B50: XYZ OUTPUT MODE
B51: XYZ Mode | C51: 2
B52: Mode 1 | C52: Mode 2: Inverse kinematic XYZ — matches actual G-code output.
B53: Mode 2 | C53: Mode 1: Raw passthrough (XYZ=CLS xyz) — does NOT match G-code.
B55: CELL REFERENCE MAP
B56: Selected machine → C4 (1 to 7)
B57: M7 B-axis vector → C15:C17 (nx, ny, nz)
B58: M7 derived constants → C20:C23 (nz², 1-nz², nx·nz, ny·nz)
B59: Px/Py/Pz per machine → C27:I29
B60: Pb (head pivot) → C30:I30
B61: Rot min/max → C34:I35
B62: C min/max → C36:I37
B63: XYZ Mode → C49

Sheet Calculator
B1: CLS → Machine Coordinates Calculator
B2: =IF(Config!$C$4=1,"▶ M1: Mazak VARIAXIS i-500 | AC Table-Table | ",IF(Config!$C$4=2,"▶ M2: DMG DMU 65 | AC Table-Table | ",IF(Config!$C$4=3,"▶ M3: DMG DMU 50 | BC Table-Table | ",IF(Config!$C$4=4,"▶ M4: Mazak Vortex i-630V | BC Head-Table | ",IF(Config!$C$4=5,"▶ M5: Hartford Aero-426 | BC Head-Head | ",IF(Config!$C$4=6,"▶ M6: DMG DMC 80U duoBLOCK | BC Nutating 45° | ","▶ M7: DMG DMU 60 eVo | BC Arbitrary B-axis Table-Table | "))))))&IF(Config!$C$51=1,"Mode 1: Raw passthrough (G-code output)","Mode 2: Pivot-compensated") -> ▶ M1: Mazak VARIAXIS i-500 | AC Table-Table | Mode 2: Pivot-compensated
B3: CLS INPUT (Workpiece Coordinates) | K3: ROTARY ANGLES | N3: MACHINE POSITION (mm) | R3: LIMIT CHECK | U3: MACHINE POSITION CALCULATIONS | AA3: 2ND SOLUTION — ROTARY ANGLES | AD3: 2ND MACHINE POSITION (mm) | AH3: 2ND LIMIT CHECK
B4: # | C4: OPERATION NAME | D4: X (mm) | E4: Y (mm) | F4: Z (mm) | G4: I | H4: J | I4: K | K4: B or A (deg) | L4: C (deg) | N4: X_m (mm) | O4: Y_m (mm) | P4: Z_m (mm) | R4: 1st Rot limit? | S4: 1st C limit? | U4: HELPERS-1 | V4: HELPERS-2 | W4: HELPERS-3 | X4: HELPERS-4 | Y4: HELPERS-5 | AA4: 2nd Rot (deg) | AB4: 2nd C (deg) | AD4: 2nd X_m (mm) | AE4: 2nd Y_m (mm) | AF4: 2nd Z_m (mm) | AH4: 2nd Rot limit? | AI4: 2nd C limit?
B5: 1 | D5: 0 | E5: 0 | F5: 0 | G5: 0 | H5: 0 | I5: 1 | K5: =IF( I5="", "", IF( Config!$C$4<=2, IF( AND(G5=0,H5=0), 0, IF( H5>=0, DEGREES(ACOS(I5)), -DEGREES(ACOS(I5)) ) ), IF( Config!$C$4=3, IF( AND(G5=0,H5=0), 0, IF( G5>=0, DEGREES(ACOS(I5)), -DEGREES(ACOS(I5)) ) ), IF( Config!$C$4=4, IF( AND(G5=0,H5=0), 0, DEGREES(ATAN2(I5,G5)) ), IF( Config!$C$4=5, IF( AND(G5=0,H5=0), 0, DEGREES(ACOS(I5)) ), IF( Config!$C$4=6, IF( AND(G5=0,H5=0), 0, IF( G5>=0, DEGREES(ACOS(2*I5-1)), -DEGREES(ACOS(2*I5-1)) ) ), IF( AND(G5=0,H5=0), 0, IF( ((G5*Config!$C$16-H5*Config!$C$15))<=0, DEGREES( ACOS( MAX( -1, MIN( 1, (I5-Config!$C$20)/Config!$C$21 ) ) ) ), -DEGREES( ACOS( MAX( -1, MIN( 1, (I5-Config!$C$20)/Config!$C$21 ) ) ) ) ) ) ) ) ) ) ) ) -> 0 | L5: =IF( I5="", "", IF( Config!$C$4<=2, IF( AND(G5=0,H5=0), 0, DEGREES(ATAN2(H5,G5)) ), IF( Config!$C$4=3, IF( AND(G5=0,H5=0), 0, DEGREES(ATAN2(G5,-H5)) ), IF( Config!$C$4=4, 0, IF( Config!$C$4=5, IF( AND(G5=0,H5=0), 0, DEGREES(ATAN2(H5,G5)) ), IF( Config!$C$4=6, IF( AND(G5=0,H5=0), 0, DEGREES(ATAN2(H5,G5)) ), 0 ) ) ) ) ) ) -> 0 | N5: =IF(I5="","", IF(Config!$C$51=1, D5, IF(U5<=2, (D5 - V5)*COS(RADIANS(L5)) + (E5 - W5)*SIN(RADIANS(L5)) + V5, IF(U5=3, ((D5 - V5)*COS(RADIANS(L5)) + (E5 - W5)*SIN(RADIANS(L5)))*COS(RADIANS(K5)) + (F5 - X5)*SIN(RADIANS(K5)) + V5, IF(U5=4, (D5*COS(RADIANS(L5)) + E5*SIN(RADIANS(L5)) + V5) + Y5*SIN(RADIANS(K5)), IF(U5=5, D5 + Y5*SIN(RADIANS(K5))*COS(RADIANS(L5)), IF(U5=6, (D5*COS(RADIANS(L5)) + E5*SIN(RADIANS(L5)) + V5) + Y5*SIN(RADIANS(K5))*SIN(RADIANS(Config!$H$18)), COS(RADIANS(K5)) * (((D5 - V5)*COS(RADIANS(L5)) + (E5 - W5)*SIN(RADIANS(L5)))) + SIN(RADIANS(K5)) * ( Config!$C$16*(F5 - X5) - Config!$C$17*(-(D5 - V5)*SIN(RADIANS(L5)) + (E5 - W5)*COS(RADIANS(L5))) ) + (1 - COS(RADIANS(K5))) * ( ((D5 - V5)*COS(RADIANS(L5)) + (E5 - W5)*SIN(RADIANS(L5)))*Config!$C$15 + (-(D5 - V5)*SIN(RADIANS(L5)) + (E5 - W5)*COS(RADIANS(L5)))*Config!$C$16 + (F5 - X5)*Config!$C$17 ) * Config!$C$15 + V5 ) ) ) ) ) ) ) -> 0 | O5: =IF(I5="","", IF(Config!$C$51=1, E5, IF(U5 <= 2, (-(D5 - V5) * SIN(RADIANS(L5)) + (E5 - W5) * COS(RADIANS(L5))) * COS(RADIANS(K5)) + (F5 - X5) * SIN(RADIANS(K5)) + W5, IF(U5 = 3, (-(D5 - V5) * SIN(RADIANS(L5)) + (E5 - W5) * COS(RADIANS(L5))) + W5, IF(U5 = 4, -(D5) * SIN(RADIANS(L5)) + (E5) * COS(RADIANS(L5)) + W5, IF(U5 = 5, E5 + Y5 * SIN(RADIANS(K5)) * SIN(RADIANS(L5)), IF(U5 = 6, (-(D5) * SIN(RADIANS(L5)) + (E5) * COS(RADIANS(L5)) + W5) + Y5 * (1 - COS(RADIANS(K5))) * SIN(RADIANS(Config!$H$18)) * COS(RADIANS(Config!$H$18)), COS(RADIANS(K5)) * (-(D5 - V5) * SIN(RADIANS(L5)) + (E5 - W5) * COS(RADIANS(L5))) + SIN(RADIANS(K5)) * ( Config!$C$17 * ((D5 - V5) * COS(RADIANS(L5)) + (E5 - W5) * SIN(RADIANS(L5))) - Config!$C$15 * (F5 - X5) ) + (1 - COS(RADIANS(K5))) * ( ((D5 - V5) * COS(RADIANS(L5)) + (E5 - W5) * SIN(RADIANS(L5))) * Config!$C$15 + (-(D5 - V5) * SIN(RADIANS(L5)) + (E5 - W5) * COS(RADIANS(L5))) * Config!$C$16 + (F5 - X5) * Config!$C$17 ) * Config!$C$16 + W5 ) ) ) ) ) ) ) -> 0 | P5: =IF(I5="","", IF(Config!$C$51=1, F5, IF(U5 <= 2, -((-(D5 - V5) * SIN(RADIANS(L5)) + (E5 - W5) * COS(RADIANS(L5)))) * SIN(RADIANS(K5)) + (F5 - X5) * COS(RADIANS(K5)) + X5, IF(U5 = 3, -(((D5 - V5) * COS(RADIANS(L5)) + (E5 - W5) * SIN(RADIANS(L5)))) * SIN(RADIANS(K5)) + (F5 - X5) * COS(RADIANS(K5)) + X5, IF(U5 = 4, (F5 + X5) - Y5 * (1 - COS(RADIANS(K5))), IF(U5 = 5, F5 - Y5 * (1 - COS(RADIANS(K5))), IF(U5 = 6, (F5 + X5) - Y5 * SIN(RADIANS(Config!$H$18)) * SIN(RADIANS(Config!$H$18)) * (1 - COS(RADIANS(K5))), COS(RADIANS(K5)) * (F5 - X5) + SIN(RADIANS(K5)) * ( Config!$C$15 * (-(D5 - V5) * SIN(RADIANS(L5)) + (E5 - W5) * COS(RADIANS(L5))) - Config!$C$16 * ((D5 - V5) * COS(RADIANS(L5)) + (E5 - W5) * SIN(RADIANS(L5))) ) + (1 - COS(RADIANS(K5))) * ( ((D5 - V5) * COS(RADIANS(L5)) + (E5 - W5) * SIN(RADIANS(L5))) * Config!$C$15 + (-(D5 - V5) * SIN(RADIANS(L5)) + (E5 - W5) * COS(RADIANS(L5))) * Config!$C$16 + (F5 - X5) * Config!$C$17 ) * Config!$C$17 + X5 ) ) ) ) ) ) ) -> 0 | R5: =IF(I5="","", IF(OR( K5 < IF(Config!$C$4=1,Config!$C$34, IF(Config!$C$4=2,Config!$D$34, IF(Config!$C$4=3,Config!$E$34, IF(Config!$C$4=4,Config!$F$34, IF(Config!$C$4=5,Config!$G$34, IF(Config!$C$4=6,Config!$H$34,Config!$I$34) ) ) ) ) ), K5 > IF(Config!$C$4=1,Config!$C$35, IF(Config!$C$4=2,Config!$D$35, IF(Config!$C$4=3,Config!$E$35, IF(Config!$C$4=4,Config!$F$35, IF(Config!$C$4=5,Config!$G$35, IF(Config!$C$4=6,Config!$H$35,Config!$I$35) ) ) ) ) ) ), "⚠ OUT OF RANGE", "OK" ) ) -> OK | S5: =IF(I5="","", IF(OR( L5 < IF(Config!$C$4=1,Config!$C$36, IF(Config!$C$4=2,Config!$D$36, IF(Config!$C$4=3,Config!$E$36, IF(Config!$C$4=4,Config!$F$36, IF(Config!$C$4=5,Config!$G$36, IF(Config!$C$4=6,Config!$H$36,Config!$I$36) ) ) ) ) ), L5 > IF(Config!$C$4=1,Config!$C$37, IF(Config!$C$4=2,Config!$D$37, IF(Config!$C$4=3,Config!$E$37, IF(Config!$C$4=4,Config!$F$37, IF(Config!$C$4=5,Config!$G$37, IF(Config!$C$4=6,Config!$H$37,Config!$I$37) ) ) ) ) ) ), "⚠ OUT OF RANGE", "OK" ) ) -> OK | U5: =Config!$C$4 -> 1 | V5: =IF(U5=1, Config!$C$27, IF(U5=2, Config!$D$27, IF(U5=3, Config!$E$27, IF(U5=4, Config!$F$27, IF(U5=5, Config!$G$27, IF(U5=6, Config!$H$27, Config!$I$27 ) ) ) ) ) ) -> 0 | W5: =IF(U5=1, Config!$C$28, IF(U5=2, Config!$D$28, IF(U5=3, Config!$E$28, IF(U5=4, Config!$F$28, IF(U5=5, Config!$G$28, IF(U5=6, Config!$H$28, Config!$I$28 ) ) ) ) ) ) -> 0 | X5: =IF(U5=1, Config!$C$29, IF(U5=2, Config!$D$29, IF(U5=3, Config!$E$29, IF(U5=4, Config!$F$29, IF(U5=5, Config!$G$29, IF(U5=6, Config!$H$29, Config!$I$29 ) ) ) ) ) ) -> 0 | Y5: =IF(U5=1, Config!$C$30, IF(U5=2, Config!$D$30, IF(U5=3, Config!$E$30, IF(U5=4, Config!$F$30, IF(U5=5, Config!$G$30, IF(U5=6, Config!$H$30, Config!$I$30 ) ) ) ) ) ) -> 0 | AA5: =IF(I5="","", IF(U5<=2, IF(AND(G5=0,H5=0), 0, -K5), IF(U5=3, IF(AND(G5=0,H5=0), 0, -K5), IF(U5=4, IF(K5>=0, 180-K5, -180-K5), IF(U5=5, "N/A", IF(U5=6, IF(AND(G5=0,H5=0), 0, -K5), "N/A" ) ) ) ) ) ) -> 0 | AB5: =IF(I5="","", IF(U5<=2, IF(AND(G5=0,H5=0), 0, IF(L5<=0, L5+180, L5-180) ), IF(U5=3, IF(AND(G5=0,H5=0), 0, IF(L5<=0, L5+180, L5-180) ), IF(U5=4, L5, IF(U5=5, "N/A", IF(U5=6, IF(AND(G5=0,H5=0), 0, IF(L5<=0, L5+180, L5-180) ), "N/A" ) ) ) ) ) ) -> 0 | AD5: =IF(I5="","", IF(Config!$C$51=1, D5, IF(U5<=2, (D5 - V5)*COS(RADIANS(AB5)) + (E5 - W5)*SIN(RADIANS(AB5)) + V5, IF(U5=3, ((D5 - V5)*COS(RADIANS(AB5)) + (E5 - W5)*SIN(RADIANS(AB5)))*COS(RADIANS(AA5)) + (F5 - X5)*SIN(RADIANS(AA5)) + V5, IF(U5=4, (D5*COS(RADIANS(AB5)) + E5*SIN(RADIANS(AB5)) + V5) + Y5*SIN(RADIANS(AA5)), IF(U5=5, D5 + Y5*SIN(RADIANS(AA5))*COS(RADIANS(AB5)), IF(U5=6, (D5*COS(RADIANS(AB5)) + E5*SIN(RADIANS(AB5)) + V5) + Y5*SIN(RADIANS(AA5))*SIN(RADIANS(Config!$H$18)), COS(RADIANS(AA5)) * (((D5 - V5)*COS(RADIANS(AB5)) + (E5 - W5)*SIN(RADIANS(AB5)))) + SIN(RADIANS(AA5)) * ( Config!$C$16*(F5 - X5) - Config!$C$17*(-(D5 - V5)*SIN(RADIANS(AB5)) + (E5 - W5)*COS(RADIANS(AB5))) ) + (1 - COS(RADIANS(AA5))) * ( ((D5 - V5)*COS(RADIANS(AB5)) + (E5 - W5)*SIN(RADIANS(AB5)))*Config!$C$15 + (-(D5 - V5)*SIN(RADIANS(AB5)) + (E5 - W5)*COS(RADIANS(AB5)))*Config!$C$16 + (F5 - X5)*Config!$C$17 ) * Config!$C$15 + V5 ) ) ) ) ) ) ) -> 0 | AE5: =IF(I5="","", IF(Config!$C$51=1, E5, IF(U5 <= 2, (-(D5 - V5) * SIN(RADIANS(AB5)) + (E5 - W5) * COS(RADIANS(AB5))) * COS(RADIANS(AA5)) + (F5 - X5) * SIN(RADIANS(AA5)) + W5, IF(U5 = 3, (-(D5 - V5) * SIN(RADIANS(AB5)) + (E5 - W5) * COS(RADIANS(AB5))) + W5, IF(U5 = 4, -(D5) * SIN(RADIANS(AB5)) + (E5) * COS(RADIANS(AB5)) + W5, IF(U5 = 5, E5 + Y5 * SIN(RADIANS(AA5)) * SIN(RADIANS(AB5)), IF(U5 = 6, (-(D5) * SIN(RADIANS(AB5)) + (E5) * COS(RADIANS(AB5)) + W5) + Y5 * (1 - COS(RADIANS(AA5))) * SIN(RADIANS(Config!$H$18)) * COS(RADIANS(Config!$H$18)), COS(RADIANS(AA5)) * (-(D5 - V5) * SIN(RADIANS(AB5)) + (E5 - W5) * COS(RADIANS(AB5))) + SIN(RADIANS(AA5)) * ( Config!$C$17 * ((D5 - V5) * COS(RADIANS(AB5)) + (E5 - W5) * SIN(RADIANS(AB5))) - Config!$C$15 * (F5 - X5) ) + (1 - COS(RADIANS(AA5))) * ( ((D5 - V5) * COS(RADIANS(AB5)) + (E5 - W5) * SIN(RADIANS(AB5))) * Config!$C$15 + (-(D5 - V5) * SIN(RADIANS(AB5)) + (E5 - W5) * COS(RADIANS(AB5))) * Config!$C$16 + (F5 - X5) * Config!$C$17 ) * Config!$C$16 + W5 ) ) ) ) ) ) ) -> 0 | AF5: =IF(I5="","", IF(Config!$C$51=1, F5, IF(U5 <= 2, -((-(D5 - V5) * SIN(RADIANS(AB5)) + (E5 - W5) * COS(RADIANS(AB5)))) * SIN(RADIANS(AA5)) + (F5 - X5) * COS(RADIANS(AA5)) + X5, IF(U5 = 3, -(((D5 - V5) * COS(RADIANS(AB5)) + (E5 - W5) * SIN(RADIANS(AB5)))) * SIN(RADIANS(AA5)) + (F5 - X5) * COS(RADIANS(AA5)) + X5, IF(U5 = 4, (F5 + X5) - Y5 * (1 - COS(RADIANS(AA5))), IF(U5 = 5, F5 - Y5 * (1 - COS(RADIANS(AA5))), IF(U5 = 6, (F5 + X5) - Y5 * SIN(RADIANS(Config!$H$18)) * SIN(RADIANS(Config!$H$18)) * (1 - COS(RADIANS(AA5))), COS(RADIANS(AA5)) * (F5 - X5) + SIN(RADIANS(AA5)) * ( Config!$C$15 * (-(D5 - V5) * SIN(RADIANS(AB5)) + (E5 - W5) * COS(RADIANS(AB5))) - Config!$C$16 * ((D5 - V5) * COS(RADIANS(AB5)) + (E5 - W5) * SIN(RADIANS(AB5))) ) + (1 - COS(RADIANS(AA5))) * ( ((D5 - V5) * COS(RADIANS(AB5)) + (E5 - W5) * SIN(RADIANS(AB5))) * Config!$C$15 + (-(D5 - V5) * SIN(RADIANS(AB5)) + (E5 - W5) * COS(RADIANS(AB5))) * Config!$C$16 + (F5 - X5) * Config!$C$17 ) * Config!$C$17 + X5 ) ) ) ) ) ) ) -> 0 | AH5: =IF(I5="","", IF(OR(AA5="N/A", AA5=""), "N/A", IF(OR( AA5 < IF(Config!$C$4=1,Config!$C$34, IF(Config!$C$4=2,Config!$D$34, IF(Config!$C$4=3,Config!$E$34, IF(Config!$C$4=4,Config!$F$34, IF(Config!$C$4=5,Config!$G$34, IF(Config!$C$4=6,Config!$H$34,Config!$I$34) ) ) ) ) ), AA5 > IF(Config!$C$4=1,Config!$C$35, IF(Config!$C$4=2,Config!$D$35, IF(Config!$C$4=3,Config!$E$35, IF(Config!$C$4=4,Config!$F$35, IF(Config!$C$4=5,Config!$G$35, IF(Config!$C$4=6,Config!$H$35,Config!$I$35) ) ) ) ) ) ), "⚠ OUT OF RANGE", "OK" ) ) ) -> OK | AI5: =IF(I5="","", IF(OR(AB5="N/A", AB5=""), "N/A", IF(OR( AB5 < IF(Config!$C$4=1,Config!$C$36, IF(Config!$C$4=2,Config!$D$36, IF(Config!$C$4=3,Config!$E$36, IF(Config!$C$4=4,Config!$F$36, IF(Config!$C$4=5,Config!$G$36, IF(Config!$C$4=6,Config!$H$36,Config!$I$36) ) ) ) ) ), AB5 > IF(Config!$C$4=1,Config!$C$37, IF(Config!$C$4=2,Config!$D$37, IF(Config!$C$4=3,Config!$E$37, IF(Config!$C$4=4,Config!$F$37, IF(Config!$C$4=5,Config!$G$37, IF(Config!$C$4=6,Config!$H$37,Config!$I$37) ) ) ) ) ) ), "⚠ OUT OF RANGE", "OK" ) ) ) -> OK
B6: 2 | D6: 50 | E6: 0 | F6: 0 | G6: 0 | H6: 0 | I6: 1 | K6: =IF( I6="", "", IF( Config!$C$4<=2, IF( AND(G6=0,H6=0), 0, IF( H6>=0, DEGREES(ACOS(I6)), -DEGREES(ACOS(I6)) ) ), IF( Config!$C$4=3, IF( AND(G6=0,H6=0), 0, IF( G6>=0, DEGREES(ACOS(I6)), -DEGREES(ACOS(I6)) ) ), IF( Config!$C$4=4, IF( AND(G6=0,H6=0), 0, DEGREES(ATAN2(I6,G6)) ), IF( Config!$C$4=5, IF( AND(G6=0,H6=0), 0, DEGREES(ACOS(I6)) ), IF( Config!$C$4=6, IF( AND(G6=0,H6=0), 0, IF( G6>=0, DEGREES(ACOS(2*I6-1)), -DEGREES(ACOS(2*I6-1)) ) ), IF( AND(G6=0,H6=0), 0, IF( ((G6*Config!$C$16-H6*Config!$C$15))<=0, DEGREES( ACOS( MAX( -1, MIN( 1, (I6-Config!$C$20)/Config!$C$21 ) ) ) ), -DEGREES( ACOS( MAX( -1, MIN( 1, (I6-Config!$C$20)/Config!$C$21 ) ) ) ) ) ) ) ) ) ) ) ) -> 0 | L6: =IF( I6="", "", IF( Config!$C$4<=2, IF( AND(G6=0,H6=0), 0, DEGREES(ATAN2(H6,G6)) ), IF( Config!$C$4=3, IF( AND(G6=0,H6=0), 0, DEGREES(ATAN2(G6,-H6)) ), IF( Config!$C$4=4, 0, IF( Config!$C$4=5, IF( AND(G6=0,H6=0), 0, DEGREES(ATAN2(H6,G6)) ), IF( Config!$C$4=6, IF( AND(G6=0,H6=0), 0, DEGREES(ATAN2(H6,G6)) ), 0 ) ) ) ) ) ) -> 0 | N6: =IF(I6="","", IF(Config!$C$51=1, D6, IF(U6<=2, (D6 - V6)*COS(RADIANS(L6)) + (E6 - W6)*SIN(RADIANS(L6)) + V6, IF(U6=3, ((D6 - V6)*COS(RADIANS(L6)) + (E6 - W6)*SIN(RADIANS(L6)))*COS(RADIANS(K6)) + (F6 - X6)*SIN(RADIANS(K6)) + V6, IF(U6=4, (D6*COS(RADIANS(L6)) + E6*SIN(RADIANS(L6)) + V6) + Y6*SIN(RADIANS(K6)), IF(U6=5, D6 + Y6*SIN(RADIANS(K6))*COS(RADIANS(L6)), IF(U6=6, (D6*COS(RADIANS(L6)) + E6*SIN(RADIANS(L6)) + V6) + Y6*SIN(RADIANS(K6))*SIN(RADIANS(Config!$H$18)), COS(RADIANS(K6)) * (((D6 - V6)*COS(RADIANS(L6)) + (E6 - W6)*SIN(RADIANS(L6)))) + SIN(RADIANS(K6)) * ( Config!$C$16*(F6 - X6) - Config!$C$17*(-(D6 - V6)*SIN(RADIANS(L6)) + (E6 - W6)*COS(RADIANS(L6))) ) + (1 - COS(RADIANS(K6))) * ( ((D6 - V6)*COS(RADIANS(L6)) + (E6 - W6)*SIN(RADIANS(L6)))*Config!$C$15 + (-(D6 - V6)*SIN(RADIANS(L6)) + (E6 - W6)*COS(RADIANS(L6)))*Config!$C$16 + (F6 - X6)*Config!$C$17 ) * Config!$C$15 + V6 ) ) ) ) ) ) ) -> 50 | O6: =IF(I6="","", IF(Config!$C$51=1, E6, IF(U6 <= 2, (-(D6 - V6) * SIN(RADIANS(L6)) + (E6 - W6) * COS(RADIANS(L6))) * COS(RADIANS(K6)) + (F6 - X6) * SIN(RADIANS(K6)) + W6, IF(U6 = 3, (-(D6 - V6) * SIN(RADIANS(L6)) + (E6 - W6) * COS(RADIANS(L6))) + W6, IF(U6 = 4, -(D6) * SIN(RADIANS(L6)) + (E6) * COS(RADIANS(L6)) + W6, IF(U6 = 5, E6 + Y6 * SIN(RADIANS(K6)) * SIN(RADIANS(L6)), IF(U6 = 6, (-(D6) * SIN(RADIANS(L6)) + (E6) * COS(RADIANS(L6)) + W6) + Y6 * (1 - COS(RADIANS(K6))) * SIN(RADIANS(Config!$H$18)) * COS(RADIANS(Config!$H$18)), COS(RADIANS(K6)) * (-(D6 - V6) * SIN(RADIANS(L6)) + (E6 - W6) * COS(RADIANS(L6))) + SIN(RADIANS(K6)) * ( Config!$C$17 * ((D6 - V6) * COS(RADIANS(L6)) + (E6 - W6) * SIN(RADIANS(L6))) - Config!$C$15 * (F6 - X6) ) + (1 - COS(RADIANS(K6))) * ( ((D6 - V6) * COS(RADIANS(L6)) + (E6 - W6) * SIN(RADIANS(L6))) * Config!$C$15 + (-(D6 - V6) * SIN(RADIANS(L6)) + (E6 - W6) * COS(RADIANS(L6))) * Config!$C$16 + (F6 - X6) * Config!$C$17 ) * Config!$C$16 + W6 ) ) ) ) ) ) ) -> 0 | P6: =IF(I6="","", IF(Config!$C$51=1, F6, IF(U6 <= 2, -((-(D6 - V6) * SIN(RADIANS(L6)) + (E6 - W6) * COS(RADIANS(L6)))) * SIN(RADIANS(K6)) + (F6 - X6) * COS(RADIANS(K6)) + X6, IF(U6 = 3, -(((D6 - V6) * COS(RADIANS(L6)) + (E6 - W6) * SIN(RADIANS(L6)))) * SIN(RADIANS(K6)) + (F6 - X6) * COS(RADIANS(K6)) + X6, IF(U6 = 4, (F6 + X6) - Y6 * (1 - COS(RADIANS(K6))), IF(U6 = 5, F6 - Y6 * (1 - COS(RADIANS(K6))), IF(U6 = 6, (F6 + X6) - Y6 * SIN(RADIANS(Config!$H$18)) * SIN(RADIANS(Config!$H$18)) * (1 - COS(RADIANS(K6))), COS(RADIANS(K6)) * (F6 - X6) + SIN(RADIANS(K6)) * ( Config!$C$15 * (-(D6 - V6) * SIN(RADIANS(L6)) + (E6 - W6) * COS(RADIANS(L6))) - Config!$C$16 * ((D6 - V6) * COS(RADIANS(L6)) + (E6 - W6) * SIN(RADIANS(L6))) ) + (1 - COS(RADIANS(K6))) * ( ((D6 - V6) * COS(RADIANS(L6)) + (E6 - W6) * SIN(RADIANS(L6))) * Config!$C$15 + (-(D6 - V6) * SIN(RADIANS(L6)) + (E6 - W6) * COS(RADIANS(L6))) * Config!$C$16 + (F6 - X6) * Config!$C$17 ) * Config!$C$17 + X6 ) ) ) ) ) ) ) -> 0 | R6: =IF(I6="","", IF(OR( K6 < IF(Config!$C$4=1,Config!$C$34, IF(Config!$C$4=2,Config!$D$34, IF(Config!$C$4=3,Config!$E$34, IF(Config!$C$4=4,Config!$F$34, IF(Config!$C$4=5,Config!$G$34, IF(Config!$C$4=6,Config!$H$34,Config!$I$34) ) ) ) ) ), K6 > IF(Config!$C$4=1,Config!$C$35, IF(Config!$C$4=2,Config!$D$35, IF(Config!$C$4=3,Config!$E$35, IF(Config!$C$4=4,Config!$F$35, IF(Config!$C$4=5,Config!$G$35, IF(Config!$C$4=6,Config!$H$35,Config!$I$35) ) ) ) ) ) ), "⚠ OUT OF RANGE", "OK" ) ) -> OK | S6: =IF(I6="","", IF(OR( L6 < IF(Config!$C$4=1,Config!$C$36, IF(Config!$C$4=2,Config!$D$36, IF(Config!$C$4=3,Config!$E$36, IF(Config!$C$4=4,Config!$F$36, IF(Config!$C$4=5,Config!$G$36, IF(Config!$C$4=6,Config!$H$36,Config!$I$36) ) ) ) ) ), L6 > IF(Config!$C$4=1,Config!$C$37, IF(Config!$C$4=2,Config!$D$37, IF(Config!$C$4=3,Config!$E$37, IF(Config!$C$4=4,Config!$F$37, IF(Config!$C$4=5,Config!$G$37, IF(Config!$C$4=6,Config!$H$37,Config!$I$37) ) ) ) ) ) ), "⚠ OUT OF RANGE", "OK" ) ) -> OK | U6: =Config!$C$4 -> 1 | V6: =IF(U6=1, Config!$C$27, IF(U6=2, Config!$D$27, IF(U6=3, Config!$E$27, IF(U6=4, Config!$F$27, IF(U6=5, Config!$G$27, IF(U6=6, Config!$H$27, Config!$I$27 ) ) ) ) ) ) -> 0 | W6: =IF(U6=1, Config!$C$28, IF(U6=2, Config!$D$28, IF(U6=3, Config!$E$28, IF(U6=4, Config!$F$28, IF(U6=5, Config!$G$28, IF(U6=6, Config!$H$28, Config!$I$28 ) ) ) ) ) ) -> 0 | X6: =IF(U6=1, Config!$C$29, IF(U6=2, Config!$D$29, IF(U6=3, Config!$E$29, IF(U6=4, Config!$F$29, IF(U6=5, Config!$G$29, IF(U6=6, Config!$H$29, Config!$I$29 ) ) ) ) ) ) -> 0 | Y6: =IF(U6=1, Config!$C$30, IF(U6=2, Config!$D$30, IF(U6=3, Config!$E$30, IF(U6=4, Config!$F$30, IF(U6=5, Config!$G$30, IF(U6=6, Config!$H$30, Config!$I$30 ) ) ) ) ) ) -> 0 | AA6: =IF(I6="","", IF(U6<=2, IF(AND(G6=0,H6=0), 0, -K6), IF(U6=3, IF(AND(G6=0,H6=0), 0, -K6), IF(U6=4, IF(K6>=0, 180-K6, -180-K6), IF(U6=5, "N/A", IF(U6=6, IF(AND(G6=0,H6=0), 0, -K6), "N/A" ) ) ) ) ) ) -> 0 | AB6: =IF(I6="","", IF(U6<=2, IF(AND(G6=0,H6=0), 0, IF(L6<=0, L6+180, L6-180) ), IF(U6=3, IF(AND(G6=0,H6=0), 0, IF(L6<=0, L6+180, L6-180) ), IF(U6=4, L6, IF(U6=5, "N/A", IF(U6=6, IF(AND(G6=0,H6=0), 0, IF(L6<=0, L6+180, L6-180) ), "N/A" ) ) ) ) ) ) -> 0 | AD6: =IF(I6="","", IF(Config!$C$51=1, D6, IF(U6<=2, (D6 - V6)*COS(RADIANS(AB6)) + (E6 - W6)*SIN(RADIANS(AB6)) + V6, IF(U6=3, ((D6 - V6)*COS(RADIANS(AB6)) + (E6 - W6)*SIN(RADIANS(AB6)))*COS(RADIANS(AA6)) + (F6 - X6)*SIN(RADIANS(AA6)) + V6, IF(U6=4, (D6*COS(RADIANS(AB6)) + E6*SIN(RADIANS(AB6)) + V6) + Y6*SIN(RADIANS(AA6)), IF(U6=5, D6 + Y6*SIN(RADIANS(AA6))*COS(RADIANS(AB6)), IF(U6=6, (D6*COS(RADIANS(AB6)) + E6*SIN(RADIANS(AB6)) + V6) + Y6*SIN(RADIANS(AA6))*SIN(RADIANS(Config!$H$18)), COS(RADIANS(AA6)) * (((D6 - V6)*COS(RADIANS(AB6)) + (E6 - W6)*SIN(RADIANS(AB6)))) + SIN(RADIANS(AA6)) * ( Config!$C$16*(F6 - X6) - Config!$C$17*(-(D6 - V6)*SIN(RADIANS(AB6)) + (E6 - W6)*COS(RADIANS(AB6))) ) + (1 - COS(RADIANS(AA6))) * ( ((D6 - V6)*COS(RADIANS(AB6)) + (E6 - W6)*SIN(RADIANS(AB6)))*Config!$C$15 + (-(D6 - V6)*SIN(RADIANS(AB6)) + (E6 - W6)*COS(RADIANS(AB6)))*Config!$C$16 + (F6 - X6)*Config!$C$17 ) * Config!$C$15 + V6 ) ) ) ) ) ) ) -> 50 | AE6: =IF(I6="","", IF(Config!$C$51=1, E6, IF(U6 <= 2, (-(D6 - V6) * SIN(RADIANS(AB6)) + (E6 - W6) * COS(RADIANS(AB6))) * COS(RADIANS(AA6)) + (F6 - X6) * SIN(RADIANS(AA6)) + W6, IF(U6 = 3, (-(D6 - V6) * SIN(RADIANS(AB6)) + (E6 - W6) * COS(RADIANS(AB6))) + W6, IF(U6 = 4, -(D6) * SIN(RADIANS(AB6)) + (E6) * COS(RADIANS(AB6)) + W6, IF(U6 = 5, E6 + Y6 * SIN(RADIANS(AA6)) * SIN(RADIANS(AB6)), IF(U6 = 6, (-(D6) * SIN(RADIANS(AB6)) + (E6) * COS(RADIANS(AB6)) + W6) + Y6 * (1 - COS(RADIANS(AA6))) * SIN(RADIANS(Config!$H$18)) * COS(RADIANS(Config!$H$18)), COS(RADIANS(AA6)) * (-(D6 - V6) * SIN(RADIANS(AB6)) + (E6 - W6) * COS(RADIANS(AB6))) + SIN(RADIANS(AA6)) * ( Config!$C$17 * ((D6 - V6) * COS(RADIANS(AB6)) + (E6 - W6) * SIN(RADIANS(AB6))) - Config!$C$15 * (F6 - X6) ) + (1 - COS(RADIANS(AA6))) * ( ((D6 - V6) * COS(RADIANS(AB6)) + (E6 - W6) * SIN(RADIANS(AB6))) * Config!$C$15 + (-(D6 - V6) * SIN(RADIANS(AB6)) + (E6 - W6) * COS(RADIANS(AB6))) * Config!$C$16 + (F6 - X6) * Config!$C$17 ) * Config!$C$16 + W6 ) ) ) ) ) ) ) -> 0 | AF6: =IF(I6="","", IF(Config!$C$51=1, F6, IF(U6 <= 2, -((-(D6 - V6) * SIN(RADIANS(AB6)) + (E6 - W6) * COS(RADIANS(AB6)))) * SIN(RADIANS(AA6)) + (F6 - X6) * COS(RADIANS(AA6)) + X6, IF(U6 = 3, -(((D6 - V6) * COS(RADIANS(AB6)) + (E6 - W6) * SIN(RADIANS(AB6)))) * SIN(RADIANS(AA6)) + (F6 - X6) * COS(RADIANS(AA6)) + X6, IF(U6 = 4, (F6 + X6) - Y6 * (1 - COS(RADIANS(AA6))), IF(U6 = 5, F6 - Y6 * (1 - COS(RADIANS(AA6))), IF(U6 = 6, (F6 + X6) - Y6 * SIN(RADIANS(Config!$H$18)) * SIN(RADIANS(Config!$H$18)) * (1 - COS(RADIANS(AA6))), COS(RADIANS(AA6)) * (F6 - X6) + SIN(RADIANS(AA6)) * ( Config!$C$15 * (-(D6 - V6) * SIN(RADIANS(AB6)) + (E6 - W6) * COS(RADIANS(AB6))) - Config!$C$16 * ((D6 - V6) * COS(RADIANS(AB6)) + (E6 - W6) * SIN(RADIANS(AB6))) ) + (1 - COS(RADIANS(AA6))) * ( ((D6 - V6) * COS(RADIANS(AB6)) + (E6 - W6) * SIN(RADIANS(AB6))) * Config!$C$15 + (-(D6 - V6) * SIN(RADIANS(AB6)) + (E6 - W6) * COS(RADIANS(AB6))) * Config!$C$16 + (F6 - X6) * Config!$C$17 ) * Config!$C$17 + X6 ) ) ) ) ) ) ) -> 0 | AH6: =IF(I6="","", IF(OR(AA6="N/A", AA6=""), "N/A", IF(OR( AA6 < IF(Config!$C$4=1,Config!$C$34, IF(Config!$C$4=2,Config!$D$34, IF(Config!$C$4=3,Config!$E$34, IF(Config!$C$4=4,Config!$F$34, IF(Config!$C$4=5,Config!$G$34, IF(Config!$C$4=6,Config!$H$34,Config!$I$34) ) ) ) ) ), AA6 > IF(Config!$C$4=1,Config!$C$35, IF(Config!$C$4=2,Config!$D$35, IF(Config!$C$4=3,Config!$E$35, IF(Config!$C$4=4,Config!$F$35, IF(Config!$C$4=5,Config!$G$35, IF(Config!$C$4=6,Config!$H$35,Config!$I$35) ) ) ) ) ) ), "⚠ OUT OF RANGE", "OK" ) ) ) -> OK | AI6: =IF(I6="","", IF(OR(AB6="N/A", AB6=""), "N/A", IF(OR( AB6 < IF(Config!$C$4=1,Config!$C$36, IF(Config!$C$4=2,Config!$D$36, IF(Config!$C$4=3,Config!$E$36, IF(Config!$C$4=4,Config!$F$36, IF(Config!$C$4=5,Config!$G$36, IF(Config!$C$4=6,Config!$H$36,Config!$I$36) ) ) ) ) ), AB6 > IF(Config!$C$4=1,Config!$C$37, IF(Config!$C$4=2,Config!$D$37, IF(Config!$C$4=3,Config!$E$37, IF(Config!$C$4=4,Config!$F$37, IF(Config!$C$4=5,Config!$G$37, IF(Config!$C$4=6,Config!$H$37,Config!$I$37) ) ) ) ) ) ), "⚠ OUT OF RANGE", "OK" ) ) ) -> OK
B7: 3 | D7: 0 | E7: 0 | F7: 0 | G7: 0.3317 | H7: 0.2484 | I7: 0.9101 | K7: =IF( I7="", "", IF( Config!$C$4<=2, IF( AND(G7=0,H7=0), 0, IF( H7>=0, DEGREES(ACOS(I7)), -DEGREES(ACOS(I7)) ) ), IF( Config!$C$4=3, IF( AND(G7=0,H7=0), 0, IF( G7>=0, DEGREES(ACOS(I7)), -DEGREES(ACOS(I7)) ) ), IF( Config!$C$4=4, IF( AND(G7=0,H7=0), 0, DEGREES(ATAN2(I7,G7)) ), IF( Config!$C$4=5, IF( AND(G7=0,H7=0), 0, DEGREES(ACOS(I7)) ), IF( Config!$C$4=6, IF( AND(G7=0,H7=0), 0, IF( G7>=0, DEGREES(ACOS(2*I7-1)), -DEGREES(ACOS(2*I7-1)) ) ), IF( AND(G7=0,H7=0), 0, IF( ((G7*Config!$C$16-H7*Config!$C$15))<=0, DEGREES( ACOS( MAX( -1, MIN( 1, (I7-Config!$C$20)/Config!$C$21 ) ) ) ), -DEGREES( ACOS( MAX( -1, MIN( 1, (I7-Config!$C$20)/Config!$C$21 ) ) ) ) ) ) ) ) ) ) ) ) -> 24.480826 | L7: =IF( I7="", "", IF( Config!$C$4<=2, IF( AND(G7=0,H7=0), 0, DEGREES(ATAN2(H7,G7)) ), IF( Config!$C$4=3, IF( AND(G7=0,H7=0), 0, DEGREES(ATAN2(G7,-H7)) ), IF( Config!$C$4=4, 0, IF( Config!$C$4=5, IF( AND(G7=0,H7=0), 0, DEGREES(ATAN2(H7,G7)) ), IF( Config!$C$4=6, IF( AND(G7=0,H7=0), 0, DEGREES(ATAN2(H7,G7)) ), 0 ) ) ) ) ) ) -> 53.171581 | N7: =IF(I7="","", IF(Config!$C$51=1, D7, IF(U7<=2, (D7 - V7)*COS(RADIANS(L7)) + (E7 - W7)*SIN(RADIANS(L7)) + V7, IF(U7=3, ((D7 - V7)*COS(RADIANS(L7)) + (E7 - W7)*SIN(RADIANS(L7)))*COS(RADIANS(K7)) + (F7 - X7)*SIN(RADIANS(K7)) + V7, IF(U7=4, (D7*COS(RADIANS(L7)) + E7*SIN(RADIANS(L7)) + V7) + Y7*SIN(RADIANS(K7)), IF(U7=5, D7 + Y7*SIN(RADIANS(K7))*COS(RADIANS(L7)), IF(U7=6, (D7*COS(RADIANS(L7)) + E7*SIN(RADIANS(L7)) + V7) + Y7*SIN(RADIANS(K7))*SIN(RADIANS(Config!$H$18)), COS(RADIANS(K7)) * (((D7 - V7)*COS(RADIANS(L7)) + (E7 - W7)*SIN(RADIANS(L7)))) + SIN(RADIANS(K7)) * ( Config!$C$16*(F7 - X7) - Config!$C$17*(-(D7 - V7)*SIN(RADIANS(L7)) + (E7 - W7)*COS(RADIANS(L7))) ) + (1 - COS(RADIANS(K7))) * ( ((D7 - V7)*COS(RADIANS(L7)) + (E7 - W7)*SIN(RADIANS(L7)))*Config!$C$15 + (-(D7 - V7)*SIN(RADIANS(L7)) + (E7 - W7)*COS(RADIANS(L7)))*Config!$C$16 + (F7 - X7)*Config!$C$17 ) * Config!$C$15 + V7 ) ) ) ) ) ) ) -> 0 | O7: =IF(I7="","", IF(Config!$C$51=1, E7, IF(U7 <= 2, (-(D7 - V7) * SIN(RADIANS(L7)) + (E7 - W7) * COS(RADIANS(L7))) * COS(RADIANS(K7)) + (F7 - X7) * SIN(RADIANS(K7)) + W7, IF(U7 = 3, (-(D7 - V7) * SIN(RADIANS(L7)) + (E7 - W7) * COS(RADIANS(L7))) + W7, IF(U7 = 4, -(D7) * SIN(RADIANS(L7)) + (E7) * COS(RADIANS(L7)) + W7, IF(U7 = 5, E7 + Y7 * SIN(RADIANS(K7)) * SIN(RADIANS(L7)), IF(U7 = 6, (-(D7) * SIN(RADIANS(L7)) + (E7) * COS(RADIANS(L7)) + W7) + Y7 * (1 - COS(RADIANS(K7))) * SIN(RADIANS(Config!$H$18)) * COS(RADIANS(Config!$H$18)), COS(RADIANS(K7)) * (-(D7 - V7) * SIN(RADIANS(L7)) + (E7 - W7) * COS(RADIANS(L7))) + SIN(RADIANS(K7)) * ( Config!$C$17 * ((D7 - V7) * COS(RADIANS(L7)) + (E7 - W7) * SIN(RADIANS(L7))) - Config!$C$15 * (F7 - X7) ) + (1 - COS(RADIANS(K7))) * ( ((D7 - V7) * COS(RADIANS(L7)) + (E7 - W7) * SIN(RADIANS(L7))) * Config!$C$15 + (-(D7 - V7) * SIN(RADIANS(L7)) + (E7 - W7) * COS(RADIANS(L7))) * Config!$C$16 + (F7 - X7) * Config!$C$17 ) * Config!$C$16 + W7 ) ) ) ) ) ) ) -> 0 | P7: =IF(I7="","", IF(Config!$C$51=1, F7, IF(U7 <= 2, -((-(D7 - V7) * SIN(RADIANS(L7)) + (E7 - W7) * COS(RADIANS(L7)))) * SIN(RADIANS(K7)) + (F7 - X7) * COS(RADIANS(K7)) + X7, IF(U7 = 3, -(((D7 - V7) * COS(RADIANS(L7)) + (E7 - W7) * SIN(RADIANS(L7)))) * SIN(RADIANS(K7)) + (F7 - X7) * COS(RADIANS(K7)) + X7, IF(U7 = 4, (F7 + X7) - Y7 * (1 - COS(RADIANS(K7))), IF(U7 = 5, F7 - Y7 * (1 - COS(RADIANS(K7))), IF(U7 = 6, (F7 + X7) - Y7 * SIN(RADIANS(Config!$H$18)) * SIN(RADIANS(Config!$H$18)) * (1 - COS(RADIANS(K7))), COS(RADIANS(K7)) * (F7 - X7) + SIN(RADIANS(K7)) * ( Config!$C$15 * (-(D7 - V7) * SIN(RADIANS(L7)) + (E7 - W7) * COS(RADIANS(L7))) - Config!$C$16 * ((D7 - V7) * COS(RADIANS(L7)) + (E7 - W7) * SIN(RADIANS(L7))) ) + (1 - COS(RADIANS(K7))) * ( ((D7 - V7) * COS(RADIANS(L7)) + (E7 - W7) * SIN(RADIANS(L7))) * Config!$C$15 + (-(D7 - V7) * SIN(RADIANS(L7)) + (E7 - W7) * COS(RADIANS(L7))) * Config!$C$16 + (F7 - X7) * Config!$C$17 ) * Config!$C$17 + X7 ) ) ) ) ) ) ) -> 0 | R7: =IF(I7="","", IF(OR( K7 < IF(Config!$C$4=1,Config!$C$34, IF(Config!$C$4=2,Config!$D$34, IF(Config!$C$4=3,Config!$E$34, IF(Config!$C$4=4,Config!$F$34, IF(Config!$C$4=5,Config!$G$34, IF(Config!$C$4=6,Config!$H$34,Config!$I$34) ) ) ) ) ), K7 > IF(Config!$C$4=1,Config!$C$35, IF(Config!$C$4=2,Config!$D$35, IF(Config!$C$4=3,Config!$E$35, IF(Config!$C$4=4,Config!$F$35, IF(Config!$C$4=5,Config!$G$35, IF(Config!$C$4=6,Config!$H$35,Config!$I$35) ) ) ) ) ) ), "⚠ OUT OF RANGE", "OK" ) ) -> OK | S7: =IF(I7="","", IF(OR( L7 < IF(Config!$C$4=1,Config!$C$36, IF(Config!$C$4=2,Config!$D$36, IF(Config!$C$4=3,Config!$E$36, IF(Config!$C$4=4,Config!$F$36, IF(Config!$C$4=5,Config!$G$36, IF(Config!$C$4=6,Config!$H$36,Config!$I$36) ) ) ) ) ), L7 > IF(Config!$C$4=1,Config!$C$37, IF(Config!$C$4=2,Config!$D$37, IF(Config!$C$4=3,Config!$E$37, IF(Config!$C$4=4,Config!$F$37, IF(Config!$C$4=5,Config!$G$37, IF(Config!$C$4=6,Config!$H$37,Config!$I$37) ) ) ) ) ) ), "⚠ OUT OF RANGE", "OK" ) ) -> OK | U7: =Config!$C$4 -> 1 | V7: =IF(U7=1, Config!$C$27, IF(U7=2, Config!$D$27, IF(U7=3, Config!$E$27, IF(U7=4, Config!$F$27, IF(U7=5, Config!$G$27, IF(U7=6, Config!$H$27, Config!$I$27 ) ) ) ) ) ) -> 0 | W7: =IF(U7=1, Config!$C$28, IF(U7=2, Config!$D$28, IF(U7=3, Config!$E$28, IF(U7=4, Config!$F$28, IF(U7=5, Config!$G$28, IF(U7=6, Config!$H$28, Config!$I$28 ) ) ) ) ) ) -> 0 | X7: =IF(U7=1, Config!$C$29, IF(U7=2, Config!$D$29, IF(U7=3, Config!$E$29, IF(U7=4, Config!$F$29, IF(U7=5, Config!$G$29, IF(U7=6, Config!$H$29, Config!$I$29 ) ) ) ) ) ) -> 0 | Y7: =IF(U7=1, Config!$C$30, IF(U7=2, Config!$D$30, IF(U7=3, Config!$E$30, IF(U7=4, Config!$F$30, IF(U7=5, Config!$G$30, IF(U7=6, Config!$H$30, Config!$I$30 ) ) ) ) ) ) -> 0 | AA7: =IF(I7="","", IF(U7<=2, IF(AND(G7=0,H7=0), 0, -K7), IF(U7=3, IF(AND(G7=0,H7=0), 0, -K7), IF(U7=4, IF(K7>=0, 180-K7, -180-K7), IF(U7=5, "N/A", IF(U7=6, IF(AND(G7=0,H7=0), 0, -K7), "N/A" ) ) ) ) ) ) -> -24.480826 | AB7: =IF(I7="","", IF(U7<=2, IF(AND(G7=0,H7=0), 0, IF(L7<=0, L7+180, L7-180) ), IF(U7=3, IF(AND(G7=0,H7=0), 0, IF(L7<=0, L7+180, L7-180) ), IF(U7=4, L7, IF(U7=5, "N/A", IF(U7=6, IF(AND(G7=0,H7=0), 0, IF(L7<=0, L7+180, L7-180) ), "N/A" ) ) ) ) ) ) -> -126.82842 | AD7: =IF(I7="","", IF(Config!$C$51=1, D7, IF(U7<=2, (D7 - V7)*COS(RADIANS(AB7)) + (E7 - W7)*SIN(RADIANS(AB7)) + V7, IF(U7=3, ((D7 - V7)*COS(RADIANS(AB7)) + (E7 - W7)*SIN(RADIANS(AB7)))*COS(RADIANS(AA7)) + (F7 - X7)*SIN(RADIANS(AA7)) + V7, IF(U7=4, (D7*COS(RADIANS(AB7)) + E7*SIN(RADIANS(AB7)) + V7) + Y7*SIN(RADIANS(AA7)), IF(U7=5, D7 + Y7*SIN(RADIANS(AA7))*COS(RADIANS(AB7)), IF(U7=6, (D7*COS(RADIANS(AB7)) + E7*SIN(RADIANS(AB7)) + V7) + Y7*SIN(RADIANS(AA7))*SIN(RADIANS(Config!$H$18)), COS(RADIANS(AA7)) * (((D7 - V7)*COS(RADIANS(AB7)) + (E7 - W7)*SIN(RADIANS(AB7)))) + SIN(RADIANS(AA7)) * ( Config!$C$16*(F7 - X7) - Config!$C$17*(-(D7 - V7)*SIN(RADIANS(AB7)) + (E7 - W7)*COS(RADIANS(AB7))) ) + (1 - COS(RADIANS(AA7))) * ( ((D7 - V7)*COS(RADIANS(AB7)) + (E7 - W7)*SIN(RADIANS(AB7)))*Config!$C$15 + (-(D7 - V7)*SIN(RADIANS(AB7)) + (E7 - W7)*COS(RADIANS(AB7)))*Config!$C$16 + (F7 - X7)*Config!$C$17 ) * Config!$C$15 + V7 ) ) ) ) ) ) ) -> 0 | AE7: =IF(I7="","", IF(Config!$C$51=1, E7, IF(U7 <= 2, (-(D7 - V7) * SIN(RADIANS(AB7)) + (E7 - W7) * COS(RADIANS(AB7))) * COS(RADIANS(AA7)) + (F7 - X7) * SIN(RADIANS(AA7)) + W7, IF(U7 = 3, (-(D7 - V7) * SIN(RADIANS(AB7)) + (E7 - W7) * COS(RADIANS(AB7))) + W7, IF(U7 = 4, -(D7) * SIN(RADIANS(AB7)) + (E7) * COS(RADIANS(AB7)) + W7, IF(U7 = 5, E7 + Y7 * SIN(RADIANS(AA7)) * SIN(RADIANS(AB7)), IF(U7 = 6, (-(D7) * SIN(RADIANS(AB7)) + (E7) * COS(RADIANS(AB7)) + W7) + Y7 * (1 - COS(RADIANS(AA7))) * SIN(RADIANS(Config!$H$18)) * COS(RADIANS(Config!$H$18)), COS(RADIANS(AA7)) * (-(D7 - V7) * SIN(RADIANS(AB7)) + (E7 - W7) * COS(RADIANS(AB7))) + SIN(RADIANS(AA7)) * ( Config!$C$17 * ((D7 - V7) * COS(RADIANS(AB7)) + (E7 - W7) * SIN(RADIANS(AB7))) - Config!$C$15 * (F7 - X7) ) + (1 - COS(RADIANS(AA7))) * ( ((D7 - V7) * COS(RADIANS(AB7)) + (E7 - W7) * SIN(RADIANS(AB7))) * Config!$C$15 + (-(D7 - V7) * SIN(RADIANS(AB7)) + (E7 - W7) * COS(RADIANS(AB7))) * Config!$C$16 + (F7 - X7) * Config!$C$17 ) * Config!$C$16 + W7 ) ) ) ) ) ) ) -> 0 | AF7: =IF(I7="","", IF(Config!$C$51=1, F7, IF(U7 <= 2, -((-(D7 - V7) * SIN(RADIANS(AB7)) + (E7 - W7) * COS(RADIANS(AB7)))) * SIN(RADIANS(AA7)) + (F7 - X7) * COS(RADIANS(AA7)) + X7, IF(U7 = 3, -(((D7 - V7) * COS(RADIANS(AB7)) + (E7 - W7) * SIN(RADIANS(AB7)))) * SIN(RADIANS(AA7)) + (F7 - X7) * COS(RADIANS(AA7)) + X7, IF(U7 = 4, (F7 + X7) - Y7 * (1 - COS(RADIANS(AA7))), IF(U7 = 5, F7 - Y7 * (1 - COS(RADIANS(AA7))), IF(U7 = 6, (F7 + X7) - Y7 * SIN(RADIANS(Config!$H$18)) * SIN(RADIANS(Config!$H$18)) * (1 - COS(RADIANS(AA7))), COS(RADIANS(AA7)) * (F7 - X7) + SIN(RADIANS(AA7)) * ( Config!$C$15 * (-(D7 - V7) * SIN(RADIANS(AB7)) + (E7 - W7) * COS(RADIANS(AB7))) - Config!$C$16 * ((D7 - V7) * COS(RADIANS(AB7)) + (E7 - W7) * SIN(RADIANS(AB7))) ) + (1 - COS(RADIANS(AA7))) * ( ((D7 - V7) * COS(RADIANS(AB7)) + (E7 - W7) * SIN(RADIANS(AB7))) * Config!$C$15 + (-(D7 - V7) * SIN(RADIANS(AB7)) + (E7 - W7) * COS(RADIANS(AB7))) * Config!$C$16 + (F7 - X7) * Config!$C$17 ) * Config!$C$17 + X7 ) ) ) ) ) ) ) -> 0 | AH7: =IF(I7="","", IF(OR(AA7="N/A", AA7=""), "N/A", IF(OR( AA7 < IF(Config!$C$4=1,Config!$C$34, IF(Config!$C$4=2,Config!$D$34, IF(Config!$C$4=3,Config!$E$34, IF(Config!$C$4=4,Config!$F$34, IF(Config!$C$4=5,Config!$G$34, IF(Config!$C$4=6,Config!$H$34,Config!$I$34) ) ) ) ) ), AA7 > IF(Config!$C$4=1,Config!$C$35, IF(Config!$C$4=2,Config!$D$35, IF(Config!$C$4=3,Config!$E$35, IF(Config!$C$4=4,Config!$F$35, IF(Config!$C$4=5,Config!$G$35, IF(Config!$C$4=6,Config!$H$35,Config!$I$35) ) ) ) ) ) ), "⚠ OUT OF RANGE", "OK" ) ) ) -> OK | AI7: =IF(I7="","", IF(OR(AB7="N/A", AB7=""), "N/A", IF(OR( AB7 < IF(Config!$C$4=1,Config!$C$36, IF(Config!$C$4=2,Config!$D$36, IF(Config!$C$4=3,Config!$E$36, IF(Config!$C$4=4,Config!$F$36, IF(Config!$C$4=5,Config!$G$36, IF(Config!$C$4=6,Config!$H$36,Config!$I$36) ) ) ) ) ), AB7 > IF(Config!$C$4=1,Config!$C$37, IF(Config!$C$4=2,Config!$D$37, IF(Config!$C$4=3,Config!$E$37, IF(Config!$C$4=4,Config!$F$37, IF(Config!$C$4=5,Config!$G$37, IF(Config!$C$4=6,Config!$H$37,Config!$I$37) ) ) ) ) ) ), "⚠ OUT OF RANGE", "OK" ) ) ) -> OK
B8: 4 | D8: 0 | E8: 0 | F8: 0 | G8: -0.0487 | H8: -0.0522 | I8: 0.9974 | K8: =IF( I8="", "", IF( Config!$C$4<=2, IF( AND(G8=0,H8=0), 0, IF( H8>=0, DEGREES(ACOS(I8)), -DEGREES(ACOS(I8)) ) ), IF( Config!$C$4=3, IF( AND(G8=0,H8=0), 0, IF( G8>=0, DEGREES(ACOS(I8)), -DEGREES(ACOS(I8)) ) ), IF( Config!$C$4=4, IF( AND(G8=0,H8=0), 0, DEGREES(ATAN2(I8,G8)) ), IF( Config!$C$4=5, IF( AND(G8=0,H8=0), 0, DEGREES(ACOS(I8)) ), IF( Config!$C$4=6, IF( AND(G8=0,H8=0), 0, IF( G8>=0, DEGREES(ACOS(2*I8-1)), -DEGREES(ACOS(2*I8-1)) ) ), IF( AND(G8=0,H8=0), 0, IF( ((G8*Config!$C$16-H8*Config!$C$15))<=0, DEGREES( ACOS( MAX( -1, MIN( 1, (I8-Config!$C$20)/Config!$C$21 ) ) ) ), -DEGREES( ACOS( MAX( -1, MIN( 1, (I8-Config!$C$20)/Config!$C$21 ) ) ) ) ) ) ) ) ) ) ) ) -> -4.1325531 | L8: =IF( I8="", "", IF( Config!$C$4<=2, IF( AND(G8=0,H8=0), 0, DEGREES(ATAN2(H8,G8)) ), IF( Config!$C$4=3, IF( AND(G8=0,H8=0), 0, DEGREES(ATAN2(G8,-H8)) ), IF( Config!$C$4=4, 0, IF( Config!$C$4=5, IF( AND(G8=0,H8=0), 0, DEGREES(ATAN2(H8,G8)) ), IF( Config!$C$4=6, IF( AND(G8=0,H8=0), 0, DEGREES(ATAN2(H8,G8)) ), 0 ) ) ) ) ) ) -> -136.98667 | N8: =IF(I8="","", IF(Config!$C$51=1, D8, IF(U8<=2, (D8 - V8)*COS(RADIANS(L8)) + (E8 - W8)*SIN(RADIANS(L8)) + V8, IF(U8=3, ((D8 - V8)*COS(RADIANS(L8)) + (E8 - W8)*SIN(RADIANS(L8)))*COS(RADIANS(K8)) + (F8 - X8)*SIN(RADIANS(K8)) + V8, IF(U8=4, (D8*COS(RADIANS(L8)) + E8*SIN(RADIANS(L8)) + V8) + Y8*SIN(RADIANS(K8)), IF(U8=5, D8 + Y8*SIN(RADIANS(K8))*COS(RADIANS(L8)), IF(U8=6, (D8*COS(RADIANS(L8)) + E8*SIN(RADIANS(L8)) + V8) + Y8*SIN(RADIANS(K8))*SIN(RADIANS(Config!$H$18)), COS(RADIANS(K8)) * (((D8 - V8)*COS(RADIANS(L8)) + (E8 - W8)*SIN(RADIANS(L8)))) + SIN(RADIANS(K8)) * ( Config!$C$16*(F8 - X8) - Config!$C$17*(-(D8 - V8)*SIN(RADIANS(L8)) + (E8 - W8)*COS(RADIANS(L8))) ) + (1 - COS(RADIANS(K8))) * ( ((D8 - V8)*COS(RADIANS(L8)) + (E8 - W8)*SIN(RADIANS(L8)))*Config!$C$15 + (-(D8 - V8)*SIN(RADIANS(L8)) + (E8 - W8)*COS(RADIANS(L8)))*Config!$C$16 + (F8 - X8)*Config!$C$17 ) * Config!$C$15 + V8 ) ) ) ) ) ) ) -> 0 | O8: =IF(I8="","", IF(Config!$C$51=1, E8, IF(U8 <= 2, (-(D8 - V8) * SIN(RADIANS(L8)) + (E8 - W8) * COS(RADIANS(L8))) * COS(RADIANS(K8)) + (F8 - X8) * SIN(RADIANS(K8)) + W8, IF(U8 = 3, (-(D8 - V8) * SIN(RADIANS(L8)) + (E8 - W8) * COS(RADIANS(L8))) + W8, IF(U8 = 4, -(D8) * SIN(RADIANS(L8)) + (E8) * COS(RADIANS(L8)) + W8, IF(U8 = 5, E8 + Y8 * SIN(RADIANS(K8)) * SIN(RADIANS(L8)), IF(U8 = 6, (-(D8) * SIN(RADIANS(L8)) + (E8) * COS(RADIANS(L8)) + W8) + Y8 * (1 - COS(RADIANS(K8))) * SIN(RADIANS(Config!$H$18)) * COS(RADIANS(Config!$H$18)), COS(RADIANS(K8)) * (-(D8 - V8) * SIN(RADIANS(L8)) + (E8 - W8) * COS(RADIANS(L8))) + SIN(RADIANS(K8)) * ( Config!$C$17 * ((D8 - V8) * COS(RADIANS(L8)) + (E8 - W8) * SIN(RADIANS(L8))) - Config!$C$15 * (F8 - X8) ) + (1 - COS(RADIANS(K8))) * ( ((D8 - V8) * COS(RADIANS(L8)) + (E8 - W8) * SIN(RADIANS(L8))) * Config!$C$15 + (-(D8 - V8) * SIN(RADIANS(L8)) + (E8 - W8) * COS(RADIANS(L8))) * Config!$C$16 + (F8 - X8) * Config!$C$17 ) * Config!$C$16 + W8 ) ) ) ) ) ) ) -> 0 | P8: =IF(I8="","", IF(Config!$C$51=1, F8, IF(U8 <= 2, -((-(D8 - V8) * SIN(RADIANS(L8)) + (E8 - W8) * COS(RADIANS(L8)))) * SIN(RADIANS(K8)) + (F8 - X8) * COS(RADIANS(K8)) + X8, IF(U8 = 3, -(((D8 - V8) * COS(RADIANS(L8)) + (E8 - W8) * SIN(RADIANS(L8)))) * SIN(RADIANS(K8)) + (F8 - X8) * COS(RADIANS(K8)) + X8, IF(U8 = 4, (F8 + X8) - Y8 * (1 - COS(RADIANS(K8))), IF(U8 = 5, F8 - Y8 * (1 - COS(RADIANS(K8))), IF(U8 = 6, (F8 + X8) - Y8 * SIN(RADIANS(Config!$H$18)) * SIN(RADIANS(Config!$H$18)) * (1 - COS(RADIANS(K8))), COS(RADIANS(K8)) * (F8 - X8) + SIN(RADIANS(K8)) * ( Config!$C$15 * (-(D8 - V8) * SIN(RADIANS(L8)) + (E8 - W8) * COS(RADIANS(L8))) - Config!$C$16 * ((D8 - V8) * COS(RADIANS(L8)) + (E8 - W8) * SIN(RADIANS(L8))) ) + (1 - COS(RADIANS(K8))) * ( ((D8 - V8) * COS(RADIANS(L8)) + (E8 - W8) * SIN(RADIANS(L8))) * Config!$C$15 + (-(D8 - V8) * SIN(RADIANS(L8)) + (E8 - W8) * COS(RADIANS(L8))) * Config!$C$16 + (F8 - X8) * Config!$C$17 ) * Config!$C$17 + X8 ) ) ) ) ) ) ) -> 0 | R8: =IF(I8="","", IF(OR( K8 < IF(Config!$C$4=1,Config!$C$34, IF(Config!$C$4=2,Config!$D$34, IF(Config!$C$4=3,Config!$E$34, IF(Config!$C$4=4,Config!$F$34, IF(Config!$C$4=5,Config!$G$34, IF(Config!$C$4=6,Config!$H$34,Config!$I$34) ) ) ) ) ), K8 > IF(Config!$C$4=1,Config!$C$35, IF(Config!$C$4=2,Config!$D$35, IF(Config!$C$4=3,Config!$E$35, IF(Config!$C$4=4,Config!$F$35, IF(Config!$C$4=5,Config!$G$35, IF(Config!$C$4=6,Config!$H$35,Config!$I$35) ) ) ) ) ) ), "⚠ OUT OF RANGE", "OK" ) ) -> OK | S8: =IF(I8="","", IF(OR( L8 < IF(Config!$C$4=1,Config!$C$36, IF(Config!$C$4=2,Config!$D$36, IF(Config!$C$4=3,Config!$E$36, IF(Config!$C$4=4,Config!$F$36, IF(Config!$C$4=5,Config!$G$36, IF(Config!$C$4=6,Config!$H$36,Config!$I$36) ) ) ) ) ), L8 > IF(Config!$C$4=1,Config!$C$37, IF(Config!$C$4=2,Config!$D$37, IF(Config!$C$4=3,Config!$E$37, IF(Config!$C$4=4,Config!$F$37, IF(Config!$C$4=5,Config!$G$37, IF(Config!$C$4=6,Config!$H$37,Config!$I$37) ) ) ) ) ) ), "⚠ OUT OF RANGE", "OK" ) ) -> OK | U8: =Config!$C$4 -> 1 | V8: =IF(U8=1, Config!$C$27, IF(U8=2, Config!$D$27, IF(U8=3, Config!$E$27, IF(U8=4, Config!$F$27, IF(U8=5, Config!$G$27, IF(U8=6, Config!$H$27, Config!$I$27 ) ) ) ) ) ) -> 0 | W8: =IF(U8=1, Config!$C$28, IF(U8=2, Config!$D$28, IF(U8=3, Config!$E$28, IF(U8=4, Config!$F$28, IF(U8=5, Config!$G$28, IF(U8=6, Config!$H$28, Config!$I$28 ) ) ) ) ) ) -> 0 | X8: =IF(U8=1, Config!$C$29, IF(U8=2, Config!$D$29, IF(U8=3, Config!$E$29, IF(U8=4, Config!$F$29, IF(U8=5, Config!$G$29, IF(U8=6, Config!$H$29, Config!$I$29 ) ) ) ) ) ) -> 0 | Y8: =IF(U8=1, Config!$C$30, IF(U8=2, Config!$D$30, IF(U8=3, Config!$E$30, IF(U8=4, Config!$F$30, IF(U8=5, Config!$G$30, IF(U8=6, Config!$H$30, Config!$I$30 ) ) ) ) ) ) -> 0 | AA8: =IF(I8="","", IF(U8<=2, IF(AND(G8=0,H8=0), 0, -K8), IF(U8=3, IF(AND(G8=0,H8=0), 0, -K8), IF(U8=4, IF(K8>=0, 180-K8, -180-K8), IF(U8=5, "N/A", IF(U8=6, IF(AND(G8=0,H8=0), 0, -K8), "N/A" ) ) ) ) ) ) -> 4.1325531 | AB8: =IF(I8="","", IF(U8<=2, IF(AND(G8=0,H8=0), 0, IF(L8<=0, L8+180, L8-180) ), IF(U8=3, IF(AND(G8=0,H8=0), 0, IF(L8<=0, L8+180, L8-180) ), IF(U8=4, L8, IF(U8=5, "N/A", IF(U8=6, IF(AND(G8=0,H8=0), 0, IF(L8<=0, L8+180, L8-180) ), "N/A" ) ) ) ) ) ) -> 43.013331 | AD8: =IF(I8="","", IF(Config!$C$51=1, D8, IF(U8<=2, (D8 - V8)*COS(RADIANS(AB8)) + (E8 - W8)*SIN(RADIANS(AB8)) + V8, IF(U8=3, ((D8 - V8)*COS(RADIANS(AB8)) + (E8 - W8)*SIN(RADIANS(AB8)))*COS(RADIANS(AA8)) + (F8 - X8)*SIN(RADIANS(AA8)) + V8, IF(U8=4, (D8*COS(RADIANS(AB8)) + E8*SIN(RADIANS(AB8)) + V8) + Y8*SIN(RADIANS(AA8)), IF(U8=5, D8 + Y8*SIN(RADIANS(AA8))*COS(RADIANS(AB8)), IF(U8=6, (D8*COS(RADIANS(AB8)) + E8*SIN(RADIANS(AB8)) + V8) + Y8*SIN(RADIANS(AA8))*SIN(RADIANS(Config!$H$18)), COS(RADIANS(AA8)) * (((D8 - V8)*COS(RADIANS(AB8)) + (E8 - W8)*SIN(RADIANS(AB8)))) + SIN(RADIANS(AA8)) * ( Config!$C$16*(F8 - X8) - Config!$C$17*(-(D8 - V8)*SIN(RADIANS(AB8)) + (E8 - W8)*COS(RADIANS(AB8))) ) + (1 - COS(RADIANS(AA8))) * ( ((D8 - V8)*COS(RADIANS(AB8)) + (E8 - W8)*SIN(RADIANS(AB8)))*Config!$C$15 + (-(D8 - V8)*SIN(RADIANS(AB8)) + (E8 - W8)*COS(RADIANS(AB8)))*Config!$C$16 + (F8 - X8)*Config!$C$17 ) * Config!$C$15 + V8 ) ) ) ) ) ) ) -> 0 | AE8: =IF(I8="","", IF(Config!$C$51=1, E8, IF(U8 <= 2, (-(D8 - V8) * SIN(RADIANS(AB8)) + (E8 - W8) * COS(RADIANS(AB8))) * COS(RADIANS(AA8)) + (F8 - X8) * SIN(RADIANS(AA8)) + W8, IF(U8 = 3, (-(D8 - V8) * SIN(RADIANS(AB8)) + (E8 - W8) * COS(RADIANS(AB8))) + W8, IF(U8 = 4, -(D8) * SIN(RADIANS(AB8)) + (E8) * COS(RADIANS(AB8)) + W8, IF(U8 = 5, E8 + Y8 * SIN(RADIANS(AA8)) * SIN(RADIANS(AB8)), IF(U8 = 6, (-(D8) * SIN(RADIANS(AB8)) + (E8) * COS(RADIANS(AB8)) + W8) + Y8 * (1 - COS(RADIANS(AA8))) * SIN(RADIANS(Config!$H$18)) * COS(RADIANS(Config!$H$18)), COS(RADIANS(AA8)) * (-(D8 - V8) * SIN(RADIANS(AB8)) + (E8 - W8) * COS(RADIANS(AB8))) + SIN(RADIANS(AA8)) * ( Config!$C$17 * ((D8 - V8) * COS(RADIANS(AB8)) + (E8 - W8) * SIN(RADIANS(AB8))) - Config!$C$15 * (F8 - X8) ) + (1 - COS(RADIANS(AA8))) * ( ((D8 - V8) * COS(RADIANS(AB8)) + (E8 - W8) * SIN(RADIANS(AB8))) * Config!$C$15 + (-(D8 - V8) * SIN(RADIANS(AB8)) + (E8 - W8) * COS(RADIANS(AB8))) * Config!$C$16 + (F8 - X8) * Config!$C$17 ) * Config!$C$16 + W8 ) ) ) ) ) ) ) -> 0 | AF8: =IF(I8="","", IF(Config!$C$51=1, F8, IF(U8 <= 2, -((-(D8 - V8) * SIN(RADIANS(AB8)) + (E8 - W8) * COS(RADIANS(AB8)))) * SIN(RADIANS(AA8)) + (F8 - X8) * COS(RADIANS(AA8)) + X8, IF(U8 = 3, -(((D8 - V8) * COS(RADIANS(AB8)) + (E8 - W8) * SIN(RADIANS(AB8)))) * SIN(RADIANS(AA8)) + (F8 - X8) * COS(RADIANS(AA8)) + X8, IF(U8 = 4, (F8 + X8) - Y8 * (1 - COS(RADIANS(AA8))), IF(U8 = 5, F8 - Y8 * (1 - COS(RADIANS(AA8))), IF(U8 = 6, (F8 + X8) - Y8 * SIN(RADIANS(Config!$H$18)) * SIN(RADIANS(Config!$H$18)) * (1 - COS(RADIANS(AA8))), COS(RADIANS(AA8)) * (F8 - X8) + SIN(RADIANS(AA8)) * ( Config!$C$15 * (-(D8 - V8) * SIN(RADIANS(AB8)) + (E8 - W8) * COS(RADIANS(AB8))) - Config!$C$16 * ((D8 - V8) * COS(RADIANS(AB8)) + (E8 - W8) * SIN(RADIANS(AB8))) ) + (1 - COS(RADIANS(AA8))) * ( ((D8 - V8) * COS(RADIANS(AB8)) + (E8 - W8) * SIN(RADIANS(AB8))) * Config!$C$15 + (-(D8 - V8) * SIN(RADIANS(AB8)) + (E8 - W8) * COS(RADIANS(AB8))) * Config!$C$16 + (F8 - X8) * Config!$C$17 ) * Config!$C$17 + X8 ) ) ) ) ) ) ) -> 0 | AH8: =IF(I8="","", IF(OR(AA8="N/A", AA8=""), "N/A", IF(OR( AA8 < IF(Config!$C$4=1,Config!$C$34, IF(Config!$C$4=2,Config!$D$34, IF(Config!$C$4=3,Config!$E$34, IF(Config!$C$4=4,Config!$F$34, IF(Config!$C$4=5,Config!$G$34, IF(Config!$C$4=6,Config!$H$34,Config!$I$34) ) ) ) ) ), AA8 > IF(Config!$C$4=1,Config!$C$35, IF(Config!$C$4=2,Config!$D$35, IF(Config!$C$4=3,Config!$E$35, IF(Config!$C$4=4,Config!$F$35, IF(Config!$C$4=5,Config!$G$35, IF(Config!$C$4=6,Config!$H$35,Config!$I$35) ) ) ) ) ) ), "⚠ OUT OF RANGE", "OK" ) ) ) -> OK | AI8: =IF(I8="","", IF(OR(AB8="N/A", AB8=""), "N/A", IF(OR( AB8 < IF(Config!$C$4=1,Config!$C$36, IF(Config!$C$4=2,Config!$D$36, IF(Config!$C$4=3,Config!$E$36, IF(Config!$C$4=4,Config!$F$36, IF(Config!$C$4=5,Config!$G$36, IF(Config!$C$4=6,Config!$H$36,Config!$I$36) ) ) ) ) ), AB8 > IF(Config!$C$4=1,Config!$C$37, IF(Config!$C$4=2,Config!$D$37, IF(Config!$C$4=3,Config!$E$37, IF(Config!$C$4=4,Config!$F$37, IF(Config!$C$4=5,Config!$G$37, IF(Config!$C$4=6,Config!$H$37,Config!$I$37) ) ) ) ) ) ), "⚠ OUT OF RANGE", "OK" ) ) ) -> OK
B9: 5 | D9: 0 | E9: 0 | F9: 0 | G9: 0.5038 | H9: 0.3173 | I9: 0.8034 | K9: =IF( I9="", "", IF( Config!$C$4<=2, IF( AND(G9=0,H9=0), 0, IF( H9>=0, DEGREES(ACOS(I9)), -DEGREES(ACOS(I9)) ) ), IF( Config!$C$4=3, IF( AND(G9=0,H9=0), 0, IF( G9>=0, DEGREES(ACOS(I9)), -DEGREES(ACOS(I9)) ) ), IF( Config!$C$4=4, IF( AND(G9=0,H9=0), 0, DEGREES(ATAN2(I9,G9)) ), IF( Config!$C$4=5, IF( AND(G9=0,H9=0), 0, DEGREES(ACOS(I9)) ), IF( Config!$C$4=6, IF( AND(G9=0,H9=0), 0, IF( G9>=0, DEGREES(ACOS(2*I9-1)), -DEGREES(ACOS(2*I9-1)) ) ), IF( AND(G9=0,H9=0), 0, IF( ((G9*Config!$C$16-H9*Config!$C$15))<=0, DEGREES( ACOS( MAX( -1, MIN( 1, (I9-Config!$C$20)/Config!$C$21 ) ) ) ), -DEGREES( ACOS( MAX( -1, MIN( 1, (I9-Config!$C$20)/Config!$C$21 ) ) ) ) ) ) ) ) ) ) ) ) -> 36.543984 | L9: =IF( I9="", "", IF( Config!$C$4<=2, IF( AND(G9=0,H9=0), 0, DEGREES(ATAN2(H9,G9)) ), IF( Config!$C$4=3, IF( AND(G9=0,H9=0), 0, DEGREES(ATAN2(G9,-H9)) ), IF( Config!$C$4=4, 0, IF( Config!$C$4=5, IF( AND(G9=0,H9=0), 0, DEGREES(ATAN2(H9,G9)) ), IF( Config!$C$4=6, IF( AND(G9=0,H9=0), 0, DEGREES(ATAN2(H9,G9)) ), 0 ) ) ) ) ) ) -> 57.796726 | N9: =IF(I9="","", IF(Config!$C$51=1, D9, IF(U9<=2, (D9 - V9)*COS(RADIANS(L9)) + (E9 - W9)*SIN(RADIANS(L9)) + V9, IF(U9=3, ((D9 - V9)*COS(RADIANS(L9)) + (E9 - W9)*SIN(RADIANS(L9)))*COS(RADIANS(K9)) + (F9 - X9)*SIN(RADIANS(K9)) + V9, IF(U9=4, (D9*COS(RADIANS(L9)) + E9*SIN(RADIANS(L9)) + V9) + Y9*SIN(RADIANS(K9)), IF(U9=5, D9 + Y9*SIN(RADIANS(K9))*COS(RADIANS(L9)), IF(U9=6, (D9*COS(RADIANS(L9)) + E9*SIN(RADIANS(L9)) + V9) + Y9*SIN(RADIANS(K9))*SIN(RADIANS(Config!$H$18)), COS(RADIANS(K9)) * (((D9 - V9)*COS(RADIANS(L9)) + (E9 - W9)*SIN(RADIANS(L9)))) + SIN(RADIANS(K9)) * ( Config!$C$16*(F9 - X9) - Config!$C$17*(-(D9 - V9)*SIN(RADIANS(L9)) + (E9 - W9)*COS(RADIANS(L9))) ) + (1 - COS(RADIANS(K9))) * ( ((D9 - V9)*COS(RADIANS(L9)) + (E9 - W9)*SIN(RADIANS(L9)))*Config!$C$15 + (-(D9 - V9)*SIN(RADIANS(L9)) + (E9 - W9)*COS(RADIANS(L9)))*Config!$C$16 + (F9 - X9)*Config!$C$17 ) * Config!$C$15 + V9 ) ) ) ) ) ) ) -> 0 | O9: =IF(I9="","", IF(Config!$C$51=1, E9, IF(U9 <= 2, (-(D9 - V9) * SIN(RADIANS(L9)) + (E9 - W9) * COS(RADIANS(L9))) * COS(RADIANS(K9)) + (F9 - X9) * SIN(RADIANS(K9)) + W9, IF(U9 = 3, (-(D9 - V9) * SIN(RADIANS(L9)) + (E9 - W9) * COS(RADIANS(L9))) + W9, IF(U9 = 4, -(D9) * SIN(RADIANS(L9)) + (E9) * COS(RADIANS(L9)) + W9, IF(U9 = 5, E9 + Y9 * SIN(RADIANS(K9)) * SIN(RADIANS(L9)), IF(U9 = 6, (-(D9) * SIN(RADIANS(L9)) + (E9) * COS(RADIANS(L9)) + W9) + Y9 * (1 - COS(RADIANS(K9))) * SIN(RADIANS(Config!$H$18)) * COS(RADIANS(Config!$H$18)), COS(RADIANS(K9)) * (-(D9 - V9) * SIN(RADIANS(L9)) + (E9 - W9) * COS(RADIANS(L9))) + SIN(RADIANS(K9)) * ( Config!$C$17 * ((D9 - V9) * COS(RADIANS(L9)) + (E9 - W9) * SIN(RADIANS(L9))) - Config!$C$15 * (F9 - X9) ) + (1 - COS(RADIANS(K9))) * ( ((D9 - V9) * COS(RADIANS(L9)) + (E9 - W9) * SIN(RADIANS(L9))) * Config!$C$15 + (-(D9 - V9) * SIN(RADIANS(L9)) + (E9 - W9) * COS(RADIANS(L9))) * Config!$C$16 + (F9 - X9) * Config!$C$17 ) * Config!$C$16 + W9 ) ) ) ) ) ) ) -> 0 | P9: =IF(I9="","", IF(Config!$C$51=1, F9, IF(U9 <= 2, -((-(D9 - V9) * SIN(RADIANS(L9)) + (E9 - W9) * COS(RADIANS(L9)))) * SIN(RADIANS(K9)) + (F9 - X9) * COS(RADIANS(K9)) + X9, IF(U9 = 3, -(((D9 - V9) * COS(RADIANS(L9)) + (E9 - W9) * SIN(RADIANS(L9)))) * SIN(RADIANS(K9)) + (F9 - X9) * COS(RADIANS(K9)) + X9, IF(U9 = 4, (F9 + X9) - Y9 * (1 - COS(RADIANS(K9))), IF(U9 = 5, F9 - Y9 * (1 - COS(RADIANS(K9))), IF(U9 = 6, (F9 + X9) - Y9 * SIN(RADIANS(Config!$H$18)) * SIN(RADIANS(Config!$H$18)) * (1 - COS(RADIANS(K9))), COS(RADIANS(K9)) * (F9 - X9) + SIN(RADIANS(K9)) * ( Config!$C$15 * (-(D9 - V9) * SIN(RADIANS(L9)) + (E9 - W9) * COS(RADIANS(L9))) - Config!$C$16 * ((D9 - V9) * COS(RADIANS(L9)) + (E9 - W9) * SIN(RADIANS(L9))) ) + (1 - COS(RADIANS(K9))) * ( ((D9 - V9) * COS(RADIANS(L9)) + (E9 - W9) * SIN(RADIANS(L9))) * Config!$C$15 + (-(D9 - V9) * SIN(RADIANS(L9)) + (E9 - W9) * COS(RADIANS(L9))) * Config!$C$16 + (F9 - X9) * Config!$C$17 ) * Config!$C$17 + X9 ) ) ) ) ) ) ) -> 0 | R9: =IF(I9="","", IF(OR( K9 < IF(Config!$C$4=1,Config!$C$34, IF(Config!$C$4=2,Config!$D$34, IF(Config!$C$4=3,Config!$E$34, IF(Config!$C$4=4,Config!$F$34, IF(Config!$C$4=5,Config!$G$34, IF(Config!$C$4=6,Config!$H$34,Config!$I$34) ) ) ) ) ), K9 > IF(Config!$C$4=1,Config!$C$35, IF(Config!$C$4=2,Config!$D$35, IF(Config!$C$4=3,Config!$E$35, IF(Config!$C$4=4,Config!$F$35, IF(Config!$C$4=5,Config!$G$35, IF(Config!$C$4=6,Config!$H$35,Config!$I$35) ) ) ) ) ) ), "⚠ OUT OF RANGE", "OK" ) ) -> ⚠ OUT OF RANGE | S9: =IF(I9="","", IF(OR( L9 < IF(Config!$C$4=1,Config!$C$36, IF(Config!$C$4=2,Config!$D$36, IF(Config!$C$4=3,Config!$E$36, IF(Config!$C$4=4,Config!$F$36, IF(Config!$C$4=5,Config!$G$36, IF(Config!$C$4=6,Config!$H$36,Config!$I$36) ) ) ) ) ), L9 > IF(Config!$C$4=1,Config!$C$37, IF(Config!$C$4=2,Config!$D$37, IF(Config!$C$4=3,Config!$E$37, IF(Config!$C$4=4,Config!$F$37, IF(Config!$C$4=5,Config!$G$37, IF(Config!$C$4=6,Config!$H$37,Config!$I$37) ) ) ) ) ) ), "⚠ OUT OF RANGE", "OK" ) ) -> OK | U9: =Config!$C$4 -> 1 | V9: =IF(U9=1, Config!$C$27, IF(U9=2, Config!$D$27, IF(U9=3, Config!$E$27, IF(U9=4, Config!$F$27, IF(U9=5, Config!$G$27, IF(U9=6, Config!$H$27, Config!$I$27 ) ) ) ) ) ) -> 0 | W9: =IF(U9=1, Config!$C$28, IF(U9=2, Config!$D$28, IF(U9=3, Config!$E$28, IF(U9=4, Config!$F$28, IF(U9=5, Config!$G$28, IF(U9=6, Config!$H$28, Config!$I$28 ) ) ) ) ) ) -> 0 | X9: =IF(U9=1, Config!$C$29, IF(U9=2, Config!$D$29, IF(U9=3, Config!$E$29, IF(U9=4, Config!$F$29, IF(U9=5, Config!$G$29, IF(U9=6, Config!$H$29, Config!$I$29 ) ) ) ) ) ) -> 0 | Y9: =IF(U9=1, Config!$C$30, IF(U9=2, Config!$D$30, IF(U9=3, Config!$E$30, IF(U9=4, Config!$F$30, IF(U9=5, Config!$G$30, IF(U9=6, Config!$H$30, Config!$I$30 ) ) ) ) ) ) -> 0 | AA9: =IF(I9="","", IF(U9<=2, IF(AND(G9=0,H9=0), 0, -K9), IF(U9=3, IF(AND(G9=0,H9=0), 0, -K9), IF(U9=4, IF(K9>=0, 180-K9, -180-K9), IF(U9=5, "N/A", IF(U9=6, IF(AND(G9=0,H9=0), 0, -K9), "N/A" ) ) ) ) ) ) -> -36.543984 | AB9: =IF(I9="","", IF(U9<=2, IF(AND(G9=0,H9=0), 0, IF(L9<=0, L9+180, L9-180) ), IF(U9=3, IF(AND(G9=0,H9=0), 0, IF(L9<=0, L9+180, L9-180) ), IF(U9=4, L9, IF(U9=5, "N/A", IF(U9=6, IF(AND(G9=0,H9=0), 0, IF(L9<=0, L9+180, L9-180) ), "N/A" ) ) ) ) ) ) -> -122.20327 | AD9: =IF(I9="","", IF(Config!$C$51=1, D9, IF(U9<=2, (D9 - V9)*COS(RADIANS(AB9)) + (E9 - W9)*SIN(RADIANS(AB9)) + V9, IF(U9=3, ((D9 - V9)*COS(RADIANS(AB9)) + (E9 - W9)*SIN(RADIANS(AB9)))*COS(RADIANS(AA9)) + (F9 - X9)*SIN(RADIANS(AA9)) + V9, IF(U9=4, (D9*COS(RADIANS(AB9)) + E9*SIN(RADIANS(AB9)) + V9) + Y9*SIN(RADIANS(AA9)), IF(U9=5, D9 + Y9*SIN(RADIANS(AA9))*COS(RADIANS(AB9)), IF(U9=6, (D9*COS(RADIANS(AB9)) + E9*SIN(RADIANS(AB9)) + V9) + Y9*SIN(RADIANS(AA9))*SIN(RADIANS(Config!$H$18)), COS(RADIANS(AA9)) * (((D9 - V9)*COS(RADIANS(AB9)) + (E9 - W9)*SIN(RADIANS(AB9)))) + SIN(RADIANS(AA9)) * ( Config!$C$16*(F9 - X9) - Config!$C$17*(-(D9 - V9)*SIN(RADIANS(AB9)) + (E9 - W9)*COS(RADIANS(AB9))) ) + (1 - COS(RADIANS(AA9))) * ( ((D9 - V9)*COS(RADIANS(AB9)) + (E9 - W9)*SIN(RADIANS(AB9)))*Config!$C$15 + (-(D9 - V9)*SIN(RADIANS(AB9)) + (E9 - W9)*COS(RADIANS(AB9)))*Config!$C$16 + (F9 - X9)*Config!$C$17 ) * Config!$C$15 + V9 ) ) ) ) ) ) ) -> 0 | AE9: =IF(I9="","", IF(Config!$C$51=1, E9, IF(U9 <= 2, (-(D9 - V9) * SIN(RADIANS(AB9)) + (E9 - W9) * COS(RADIANS(AB9))) * COS(RADIANS(AA9)) + (F9 - X9) * SIN(RADIANS(AA9)) + W9, IF(U9 = 3, (-(D9 - V9) * SIN(RADIANS(AB9)) + (E9 - W9) * COS(RADIANS(AB9))) + W9, IF(U9 = 4, -(D9) * SIN(RADIANS(AB9)) + (E9) * COS(RADIANS(AB9)) + W9, IF(U9 = 5, E9 + Y9 * SIN(RADIANS(AA9)) * SIN(RADIANS(AB9)), IF(U9 = 6, (-(D9) * SIN(RADIANS(AB9)) + (E9) * COS(RADIANS(AB9)) + W9) + Y9 * (1 - COS(RADIANS(AA9))) * SIN(RADIANS(Config!$H$18)) * COS(RADIANS(Config!$H$18)), COS(RADIANS(AA9)) * (-(D9 - V9) * SIN(RADIANS(AB9)) + (E9 - W9) * COS(RADIANS(AB9))) + SIN(RADIANS(AA9)) * ( Config!$C$17 * ((D9 - V9) * COS(RADIANS(AB9)) + (E9 - W9) * SIN(RADIANS(AB9))) - Config!$C$15 * (F9 - X9) ) + (1 - COS(RADIANS(AA9))) * ( ((D9 - V9) * COS(RADIANS(AB9)) + (E9 - W9) * SIN(RADIANS(AB9))) * Config!$C$15 + (-(D9 - V9) * SIN(RADIANS(AB9)) + (E9 - W9) * COS(RADIANS(AB9))) * Config!$C$16 + (F9 - X9) * Config!$C$17 ) * Config!$C$16 + W9 ) ) ) ) ) ) ) -> 0 | AF9: =IF(I9="","", IF(Config!$C$51=1, F9, IF(U9 <= 2, -((-(D9 - V9) * SIN(RADIANS(AB9)) + (E9 - W9) * COS(RADIANS(AB9)))) * SIN(RADIANS(AA9)) + (F9 - X9) * COS(RADIANS(AA9)) + X9, IF(U9 = 3, -(((D9 - V9) * COS(RADIANS(AB9)) + (E9 - W9) * SIN(RADIANS(AB9)))) * SIN(RADIANS(AA9)) + (F9 - X9) * COS(RADIANS(AA9)) + X9, IF(U9 = 4, (F9 + X9) - Y9 * (1 - COS(RADIANS(AA9))), IF(U9 = 5, F9 - Y9 * (1 - COS(RADIANS(AA9))), IF(U9 = 6, (F9 + X9) - Y9 * SIN(RADIANS(Config!$H$18)) * SIN(RADIANS(Config!$H$18)) * (1 - COS(RADIANS(AA9))), COS(RADIANS(AA9)) * (F9 - X9) + SIN(RADIANS(AA9)) * ( Config!$C$15 * (-(D9 - V9) * SIN(RADIANS(AB9)) + (E9 - W9) * COS(RADIANS(AB9))) - Config!$C$16 * ((D9 - V9) * COS(RADIANS(AB9)) + (E9 - W9) * SIN(RADIANS(AB9))) ) + (1 - COS(RADIANS(AA9))) * ( ((D9 - V9) * COS(RADIANS(AB9)) + (E9 - W9) * SIN(RADIANS(AB9))) * Config!$C$15 + (-(D9 - V9) * SIN(RADIANS(AB9)) + (E9 - W9) * COS(RADIANS(AB9))) * Config!$C$16 + (F9 - X9) * Config!$C$17 ) * Config!$C$17 + X9 ) ) ) ) ) ) ) -> 0 | AH9: =IF(I9="","", IF(OR(AA9="N/A", AA9=""), "N/A", IF(OR( AA9 < IF(Config!$C$4=1,Config!$C$34, IF(Config!$C$4=2,Config!$D$34, IF(Config!$C$4=3,Config!$E$34, IF(Config!$C$4=4,Config!$F$34, IF(Config!$C$4=5,Config!$G$34, IF(Config!$C$4=6,Config!$H$34,Config!$I$34) ) ) ) ) ), AA9 > IF(Config!$C$4=1,Config!$C$35, IF(Config!$C$4=2,Config!$D$35, IF(Config!$C$4=3,Config!$E$35, IF(Config!$C$4=4,Config!$F$35, IF(Config!$C$4=5,Config!$G$35, IF(Config!$C$4=6,Config!$H$35,Config!$I$35) ) ) ) ) ) ), "⚠ OUT OF RANGE", "OK" ) ) ) -> OK | AI9: =IF(I9="","", IF(OR(AB9="N/A", AB9=""), "N/A", IF(OR( AB9 < IF(Config!$C$4=1,Config!$C$36, IF(Config!$C$4=2,Config!$D$36, IF(Config!$C$4=3,Config!$E$36, IF(Config!$C$4=4,Config!$F$36, IF(Config!$C$4=5,Config!$G$36, IF(Config!$C$4=6,Config!$H$36,Config!$I$36) ) ) ) ) ), AB9 > IF(Config!$C$4=1,Config!$C$37, IF(Config!$C$4=2,Config!$D$37, IF(Config!$C$4=3,Config!$E$37, IF(Config!$C$4=4,Config!$F$37, IF(Config!$C$4=5,Config!$G$37, IF(Config!$C$4=6,Config!$H$37,Config!$I$37) ) ) ) ) ) ), "⚠ OUT OF RANGE", "OK" ) ) ) -> OK
B10: 6 | D10: 0 | E10: 0 | F10: 0 | G10: 0.909 | H10: 0.256 | I10: 0.3289 | K10: =IF( I10="", "", IF( Config!$C$4<=2, IF( AND(G10=0,H10=0), 0, IF( H10>=0, DEGREES(ACOS(I10)), -DEGREES(ACOS(I10)) ) ), IF( Config!$C$4=3, IF( AND(G10=0,H10=0), 0, IF( G10>=0, DEGREES(ACOS(I10)), -DEGREES(ACOS(I10)) ) ), IF( Config!$C$4=4, IF( AND(G10=0,H10=0), 0, DEGREES(ATAN2(I10,G10)) ), IF( Config!$C$4=5, IF( AND(G10=0,H10=0), 0, DEGREES(ACOS(I10)) ), IF( Config!$C$4=6, IF( AND(G10=0,H10=0), 0, IF( G10>=0, DEGREES(ACOS(2*I10-1)), -DEGREES(ACOS(2*I10-1)) ) ), IF( AND(G10=0,H10=0), 0, IF( ((G10*Config!$C$16-H10*Config!$C$15))<=0, DEGREES( ACOS( MAX( -1, MIN( 1, (I10-Config!$C$20)/Config!$C$21 ) ) ) ), -DEGREES( ACOS( MAX( -1, MIN( 1, (I10-Config!$C$20)/Config!$C$21 ) ) ) ) ) ) ) ) ) ) ) ) -> 70.797976 | L10: =IF( I10="", "", IF( Config!$C$4<=2, IF( AND(G10=0,H10=0), 0, DEGREES(ATAN2(H10,G10)) ), IF( Config!$C$4=3, IF( AND(G10=0,H10=0), 0, DEGREES(ATAN2(G10,-H10)) ), IF( Config!$C$4=4, 0, IF( Config!$C$4=5, IF( AND(G10=0,H10=0), 0, DEGREES(ATAN2(H10,G10)) ), IF( Config!$C$4=6, IF( AND(G10=0,H10=0), 0, DEGREES(ATAN2(H10,G10)) ), 0 ) ) ) ) ) ) -> 74.271285 | N10: =IF(I10="","", IF(Config!$C$51=1, D10, IF(U10<=2, (D10 - V10)*COS(RADIANS(L10)) + (E10 - W10)*SIN(RADIANS(L10)) + V10, IF(U10=3, ((D10 - V10)*COS(RADIANS(L10)) + (E10 - W10)*SIN(RADIANS(L10)))*COS(RADIANS(K10)) + (F10 - X10)*SIN(RADIANS(K10)) + V10, IF(U10=4, (D10*COS(RADIANS(L10)) + E10*SIN(RADIANS(L10)) + V10) + Y10*SIN(RADIANS(K10)), IF(U10=5, D10 + Y10*SIN(RADIANS(K10))*COS(RADIANS(L10)), IF(U10=6, (D10*COS(RADIANS(L10)) + E10*SIN(RADIANS(L10)) + V10) + Y10*SIN(RADIANS(K10))*SIN(RADIANS(Config!$H$18)), COS(RADIANS(K10)) * (((D10 - V10)*COS(RADIANS(L10)) + (E10 - W10)*SIN(RADIANS(L10)))) + SIN(RADIANS(K10)) * ( Config!$C$16*(F10 - X10) - Config!$C$17*(-(D10 - V10)*SIN(RADIANS(L10)) + (E10 - W10)*COS(RADIANS(L10))) ) + (1 - COS(RADIANS(K10))) * ( ((D10 - V10)*COS(RADIANS(L10)) + (E10 - W10)*SIN(RADIANS(L10)))*Config!$C$15 + (-(D10 - V10)*SIN(RADIANS(L10)) + (E10 - W10)*COS(RADIANS(L10)))*Config!$C$16 + (F10 - X10)*Config!$C$17 ) * Config!$C$15 + V10 ) ) ) ) ) ) ) -> 0 | O10: =IF(I10="","", IF(Config!$C$51=1, E10, IF(U10 <= 2, (-(D10 - V10) * SIN(RADIANS(L10)) + (E10 - W10) * COS(RADIANS(L10))) * COS(RADIANS(K10)) + (F10 - X10) * SIN(RADIANS(K10)) + W10, IF(U10 = 3, (-(D10 - V10) * SIN(RADIANS(L10)) + (E10 - W10) * COS(RADIANS(L10))) + W10, IF(U10 = 4, -(D10) * SIN(RADIANS(L10)) + (E10) * COS(RADIANS(L10)) + W10, IF(U10 = 5, E10 + Y10 * SIN(RADIANS(K10)) * SIN(RADIANS(L10)), IF(U10 = 6, (-(D10) * SIN(RADIANS(L10)) + (E10) * COS(RADIANS(L10)) + W10) + Y10 * (1 - COS(RADIANS(K10))) * SIN(RADIANS(Config!$H$18)) * COS(RADIANS(Config!$H$18)), COS(RADIANS(K10)) * (-(D10 - V10) * SIN(RADIANS(L10)) + (E10 - W10) * COS(RADIANS(L10))) + SIN(RADIANS(K10)) * ( Config!$C$17 * ((D10 - V10) * COS(RADIANS(L10)) + (E10 - W10) * SIN(RADIANS(L10))) - Config!$C$15 * (F10 - X10) ) + (1 - COS(RADIANS(K10))) * ( ((D10 - V10) * COS(RADIANS(L10)) + (E10 - W10) * SIN(RADIANS(L10))) * Config!$C$15 + (-(D10 - V10) * SIN(RADIANS(L10)) + (E10 - W10) * COS(RADIANS(L10))) * Config!$C$16 + (F10 - X10) * Config!$C$17 ) * Config!$C$16 + W10 ) ) ) ) ) ) ) -> 0 | P10: =IF(I10="","", IF(Config!$C$51=1, F10, IF(U10 <= 2, -((-(D10 - V10) * SIN(RADIANS(L10)) + (E10 - W10) * COS(RADIANS(L10)))) * SIN(RADIANS(K10)) + (F10 - X10) * COS(RADIANS(K10)) + X10, IF(U10 = 3, -(((D10 - V10) * COS(RADIANS(L10)) + (E10 - W10) * SIN(RADIANS(L10)))) * SIN(RADIANS(K10)) + (F10 - X10) * COS(RADIANS(K10)) + X10, IF(U10 = 4, (F10 + X10) - Y10 * (1 - COS(RADIANS(K10))), IF(U10 = 5, F10 - Y10 * (1 - COS(RADIANS(K10))), IF(U10 = 6, (F10 + X10) - Y10 * SIN(RADIANS(Config!$H$18)) * SIN(RADIANS(Config!$H$18)) * (1 - COS(RADIANS(K10))), COS(RADIANS(K10)) * (F10 - X10) + SIN(RADIANS(K10)) * ( Config!$C$15 * (-(D10 - V10) * SIN(RADIANS(L10)) + (E10 - W10) * COS(RADIANS(L10))) - Config!$C$16 * ((D10 - V10) * COS(RADIANS(L10)) + (E10 - W10) * SIN(RADIANS(L10))) ) + (1 - COS(RADIANS(K10))) * ( ((D10 - V10) * COS(RADIANS(L10)) + (E10 - W10) * SIN(RADIANS(L10))) * Config!$C$15 + (-(D10 - V10) * SIN(RADIANS(L10)) + (E10 - W10) * COS(RADIANS(L10))) * Config!$C$16 + (F10 - X10) * Config!$C$17 ) * Config!$C$17 + X10 ) ) ) ) ) ) ) -> 0 | R10: =IF(I10="","", IF(OR( K10 < IF(Config!$C$4=1,Config!$C$34, IF(Config!$C$4=2,Config!$D$34, IF(Config!$C$4=3,Config!$E$34, IF(Config!$C$4=4,Config!$F$34, IF(Config!$C$4=5,Config!$G$34, IF(Config!$C$4=6,Config!$H$34,Config!$I$34) ) ) ) ) ), K10 > IF(Config!$C$4=1,Config!$C$35, IF(Config!$C$4=2,Config!$D$35, IF(Config!$C$4=3,Config!$E$35, IF(Config!$C$4=4,Config!$F$35, IF(Config!$C$4=5,Config!$G$35, IF(Config!$C$4=6,Config!$H$35,Config!$I$35) ) ) ) ) ) ), "⚠ OUT OF RANGE", "OK" ) ) -> ⚠ OUT OF RANGE | S10: =IF(I10="","", IF(OR( L10 < IF(Config!$C$4=1,Config!$C$36, IF(Config!$C$4=2,Config!$D$36, IF(Config!$C$4=3,Config!$E$36, IF(Config!$C$4=4,Config!$F$36, IF(Config!$C$4=5,Config!$G$36, IF(Config!$C$4=6,Config!$H$36,Config!$I$36) ) ) ) ) ), L10 > IF(Config!$C$4=1,Config!$C$37, IF(Config!$C$4=2,Config!$D$37, IF(Config!$C$4=3,Config!$E$37, IF(Config!$C$4=4,Config!$F$37, IF(Config!$C$4=5,Config!$G$37, IF(Config!$C$4=6,Config!$H$37,Config!$I$37) ) ) ) ) ) ), "⚠ OUT OF RANGE", "OK" ) ) -> OK | U10: =Config!$C$4 -> 1 | V10: =IF(U10=1, Config!$C$27, IF(U10=2, Config!$D$27, IF(U10=3, Config!$E$27, IF(U10=4, Config!$F$27, IF(U10=5, Config!$G$27, IF(U10=6, Config!$H$27, Config!$I$27 ) ) ) ) ) ) -> 0 | W10: =IF(U10=1, Config!$C$28, IF(U10=2, Config!$D$28, IF(U10=3, Config!$E$28, IF(U10=4, Config!$F$28, IF(U10=5, Config!$G$28, IF(U10=6, Config!$H$28, Config!$I$28 ) ) ) ) ) ) -> 0 | X10: =IF(U10=1, Config!$C$29, IF(U10=2, Config!$D$29, IF(U10=3, Config!$E$29, IF(U10=4, Config!$F$29, IF(U10=5, Config!$G$29, IF(U10=6, Config!$H$29, Config!$I$29 ) ) ) ) ) ) -> 0 | Y10: =IF(U10=1, Config!$C$30, IF(U10=2, Config!$D$30, IF(U10=3, Config!$E$30, IF(U10=4, Config!$F$30, IF(U10=5, Config!$G$30, IF(U10=6, Config!$H$30, Config!$I$30 ) ) ) ) ) ) -> 0 | AA10: =IF(I10="","", IF(U10<=2, IF(AND(G10=0,H10=0), 0, -K10), IF(U10=3, IF(AND(G10=0,H10=0), 0, -K10), IF(U10=4, IF(K10>=0, 180-K10, -180-K10), IF(U10=5, "N/A", IF(U10=6, IF(AND(G10=0,H10=0), 0, -K10), "N/A" ) ) ) ) ) ) -> -70.797976 | AB10: =IF(I10="","", IF(U10<=2, IF(AND(G10=0,H10=0), 0, IF(L10<=0, L10+180, L10-180) ), IF(U10=3, IF(AND(G10=0,H10=0), 0, IF(L10<=0, L10+180, L10-180) ), IF(U10=4, L10, IF(U10=5, "N/A", IF(U10=6, IF(AND(G10=0,H10=0), 0, IF(L10<=0, L10+180, L10-180) ), "N/A" ) ) ) ) ) ) -> -105.72871 | AD10: =IF(I10="","", IF(Config!$C$51=1, D10, IF(U10<=2, (D10 - V10)*COS(RADIANS(AB10)) + (E10 - W10)*SIN(RADIANS(AB10)) + V10, IF(U10=3, ((D10 - V10)*COS(RADIANS(AB10)) + (E10 - W10)*SIN(RADIANS(AB10)))*COS(RADIANS(AA10)) + (F10 - X10)*SIN(RADIANS(AA10)) + V10, IF(U10=4, (D10*COS(RADIANS(AB10)) + E10*SIN(RADIANS(AB10)) + V10) + Y10*SIN(RADIANS(AA10)), IF(U10=5, D10 + Y10*SIN(RADIANS(AA10))*COS(RADIANS(AB10)), IF(U10=6, (D10*COS(RADIANS(AB10)) + E10*SIN(RADIANS(AB10)) + V10) + Y10*SIN(RADIANS(AA10))*SIN(RADIANS(Config!$H$18)), COS(RADIANS(AA10)) * (((D10 - V10)*COS(RADIANS(AB10)) + (E10 - W10)*SIN(RADIANS(AB10)))) + SIN(RADIANS(AA10)) * ( Config!$C$16*(F10 - X10) - Config!$C$17*(-(D10 - V10)*SIN(RADIANS(AB10)) + (E10 - W10)*COS(RADIANS(AB10))) ) + (1 - COS(RADIANS(AA10))) * ( ((D10 - V10)*COS(RADIANS(AB10)) + (E10 - W10)*SIN(RADIANS(AB10)))*Config!$C$15 + (-(D10 - V10)*SIN(RADIANS(AB10)) + (E10 - W10)*COS(RADIANS(AB10)))*Config!$C$16 + (F10 - X10)*Config!$C$17 ) * Config!$C$15 + V10 ) ) ) ) ) ) ) -> 0 | AE10: =IF(I10="","", IF(Config!$C$51=1, E10, IF(U10 <= 2, (-(D10 - V10) * SIN(RADIANS(AB10)) + (E10 - W10) * COS(RADIANS(AB10))) * COS(RADIANS(AA10)) + (F10 - X10) * SIN(RADIANS(AA10)) + W10, IF(U10 = 3, (-(D10 - V10) * SIN(RADIANS(AB10)) + (E10 - W10) * COS(RADIANS(AB10))) + W10, IF(U10 = 4, -(D10) * SIN(RADIANS(AB10)) + (E10) * COS(RADIANS(AB10)) + W10, IF(U10 = 5, E10 + Y10 * SIN(RADIANS(AA10)) * SIN(RADIANS(AB10)), IF(U10 = 6, (-(D10) * SIN(RADIANS(AB10)) + (E10) * COS(RADIANS(AB10)) + W10) + Y10 * (1 - COS(RADIANS(AA10))) * SIN(RADIANS(Config!$H$18)) * COS(RADIANS(Config!$H$18)), COS(RADIANS(AA10)) * (-(D10 - V10) * SIN(RADIANS(AB10)) + (E10 - W10) * COS(RADIANS(AB10))) + SIN(RADIANS(AA10)) * ( Config!$C$17 * ((D10 - V10) * COS(RADIANS(AB10)) + (E10 - W10) * SIN(RADIANS(AB10))) - Config!$C$15 * (F10 - X10) ) + (1 - COS(RADIANS(AA10))) * ( ((D10 - V10) * COS(RADIANS(AB10)) + (E10 - W10) * SIN(RADIANS(AB10))) * Config!$C$15 + (-(D10 - V10) * SIN(RADIANS(AB10)) + (E10 - W10) * COS(RADIANS(AB10))) * Config!$C$16 + (F10 - X10) * Config!$C$17 ) * Config!$C$16 + W10 ) ) ) ) ) ) ) -> 0 | AF10: =IF(I10="","", IF(Config!$C$51=1, F10, IF(U10 <= 2, -((-(D10 - V10) * SIN(RADIANS(AB10)) + (E10 - W10) * COS(RADIANS(AB10)))) * SIN(RADIANS(AA10)) + (F10 - X10) * COS(RADIANS(AA10)) + X10, IF(U10 = 3, -(((D10 - V10) * COS(RADIANS(AB10)) + (E10 - W10) * SIN(RADIANS(AB10)))) * SIN(RADIANS(AA10)) + (F10 - X10) * COS(RADIANS(AA10)) + X10, IF(U10 = 4, (F10 + X10) - Y10 * (1 - COS(RADIANS(AA10))), IF(U10 = 5, F10 - Y10 * (1 - COS(RADIANS(AA10))), IF(U10 = 6, (F10 + X10) - Y10 * SIN(RADIANS(Config!$H$18)) * SIN(RADIANS(Config!$H$18)) * (1 - COS(RADIANS(AA10))), COS(RADIANS(AA10)) * (F10 - X10) + SIN(RADIANS(AA10)) * ( Config!$C$15 * (-(D10 - V10) * SIN(RADIANS(AB10)) + (E10 - W10) * COS(RADIANS(AB10))) - Config!$C$16 * ((D10 - V10) * COS(RADIANS(AB10)) + (E10 - W10) * SIN(RADIANS(AB10))) ) + (1 - COS(RADIANS(AA10))) * ( ((D10 - V10) * COS(RADIANS(AB10)) + (E10 - W10) * SIN(RADIANS(AB10))) * Config!$C$15 + (-(D10 - V10) * SIN(RADIANS(AB10)) + (E10 - W10) * COS(RADIANS(AB10))) * Config!$C$16 + (F10 - X10) * Config!$C$17 ) * Config!$C$17 + X10 ) ) ) ) ) ) ) -> 0 | AH10: =IF(I10="","", IF(OR(AA10="N/A", AA10=""), "N/A", IF(OR( AA10 < IF(Config!$C$4=1,Config!$C$34, IF(Config!$C$4=2,Config!$D$34, IF(Config!$C$4=3,Config!$E$34, IF(Config!$C$4=4,Config!$F$34, IF(Config!$C$4=5,Config!$G$34, IF(Config!$C$4=6,Config!$H$34,Config!$I$34) ) ) ) ) ), AA10 > IF(Config!$C$4=1,Config!$C$35, IF(Config!$C$4=2,Config!$D$35, IF(Config!$C$4=3,Config!$E$35, IF(Config!$C$4=4,Config!$F$35, IF(Config!$C$4=5,Config!$G$35, IF(Config!$C$4=6,Config!$H$35,Config!$I$35) ) ) ) ) ) ), "⚠ OUT OF RANGE", "OK" ) ) ) -> OK | AI10: =IF(I10="","", IF(OR(AB10="N/A", AB10=""), "N/A", IF(OR( AB10 < IF(Config!$C$4=1,Config!$C$36, IF(Config!$C$4=2,Config!$D$36, IF(Config!$C$4=3,Config!$E$36, IF(Config!$C$4=4,Config!$F$36, IF(Config!$C$4=5,Config!$G$36, IF(Config!$C$4=6,Config!$H$36,Config!$I$36) ) ) ) ) ), AB10 > IF(Config!$C$4=1,Config!$C$37, IF(Config!$C$4=2,Config!$D$37, IF(Config!$C$4=3,Config!$E$37, IF(Config!$C$4=4,Config!$F$37, IF(Config!$C$4=5,Config!$G$37, IF(Config!$C$4=6,Config!$H$37,Config!$I$37) ) ) ) ) ) ), "⚠ OUT OF RANGE", "OK" ) ) ) -> OK
B11: 7 | D11: 0 | E11: 0 | F11: 0 | G11: 0.9891 | H11: 0.1082 | I11: 0.0994 | K11: =IF( I11="", "", IF( Config!$C$4<=2, IF( AND(G11=0,H11=0), 0, IF( H11>=0, DEGREES(ACOS(I11)), -DEGREES(ACOS(I11)) ) ), IF( Config!$C$4=3, IF( AND(G11=0,H11=0), 0, IF( G11>=0, DEGREES(ACOS(I11)), -DEGREES(ACOS(I11)) ) ), IF( Config!$C$4=4, IF( AND(G11=0,H11=0), 0, DEGREES(ATAN2(I11,G11)) ), IF( Config!$C$4=5, IF( AND(G11=0,H11=0), 0, DEGREES(ACOS(I11)) ), IF( Config!$C$4=6, IF( AND(G11=0,H11=0), 0, IF( G11>=0, DEGREES(ACOS(2*I11-1)), -DEGREES(ACOS(2*I11-1)) ) ), IF( AND(G11=0,H11=0), 0, IF( ((G11*Config!$C$16-H11*Config!$C$15))<=0, DEGREES( ACOS( MAX( -1, MIN( 1, (I11-Config!$C$20)/Config!$C$21 ) ) ) ), -DEGREES( ACOS( MAX( -1, MIN( 1, (I11-Config!$C$20)/Config!$C$21 ) ) ) ) ) ) ) ) ) ) ) ) -> 84.295379 | L11: =IF( I11="", "", IF( Config!$C$4<=2, IF( AND(G11=0,H11=0), 0, DEGREES(ATAN2(H11,G11)) ), IF( Config!$C$4=3, IF( AND(G11=0,H11=0), 0, DEGREES(ATAN2(G11,-H11)) ), IF( Config!$C$4=4, 0, IF( Config!$C$4=5, IF( AND(G11=0,H11=0), 0, DEGREES(ATAN2(H11,G11)) ), IF( Config!$C$4=6, IF( AND(G11=0,H11=0), 0, DEGREES(ATAN2(H11,G11)) ), 0 ) ) ) ) ) ) -> 83.757102 | N11: =IF(I11="","", IF(Config!$C$51=1, D11, IF(U11<=2, (D11 - V11)*COS(RADIANS(L11)) + (E11 - W11)*SIN(RADIANS(L11)) + V11, IF(U11=3, ((D11 - V11)*COS(RADIANS(L11)) + (E11 - W11)*SIN(RADIANS(L11)))*COS(RADIANS(K11)) + (F11 - X11)*SIN(RADIANS(K11)) + V11, IF(U11=4, (D11*COS(RADIANS(L11)) + E11*SIN(RADIANS(L11)) + V11) + Y11*SIN(RADIANS(K11)), IF(U11=5, D11 + Y11*SIN(RADIANS(K11))*COS(RADIANS(L11)), IF(U11=6, (D11*COS(RADIANS(L11)) + E11*SIN(RADIANS(L11)) + V11) + Y11*SIN(RADIANS(K11))*SIN(RADIANS(Config!$H$18)), COS(RADIANS(K11)) * (((D11 - V11)*COS(RADIANS(L11)) + (E11 - W11)*SIN(RADIANS(L11)))) + SIN(RADIANS(K11)) * ( Config!$C$16*(F11 - X11) - Config!$C$17*(-(D11 - V11)*SIN(RADIANS(L11)) + (E11 - W11)*COS(RADIANS(L11))) ) + (1 - COS(RADIANS(K11))) * ( ((D11 - V11)*COS(RADIANS(L11)) + (E11 - W11)*SIN(RADIANS(L11)))*Config!$C$15 + (-(D11 - V11)*SIN(RADIANS(L11)) + (E11 - W11)*COS(RADIANS(L11)))*Config!$C$16 + (F11 - X11)*Config!$C$17 ) * Config!$C$15 + V11 ) ) ) ) ) ) ) -> 0 | O11: =IF(I11="","", IF(Config!$C$51=1, E11, IF(U11 <= 2, (-(D11 - V11) * SIN(RADIANS(L11)) + (E11 - W11) * COS(RADIANS(L11))) * COS(RADIANS(K11)) + (F11 - X11) * SIN(RADIANS(K11)) + W11, IF(U11 = 3, (-(D11 - V11) * SIN(RADIANS(L11)) + (E11 - W11) * COS(RADIANS(L11))) + W11, IF(U11 = 4, -(D11) * SIN(RADIANS(L11)) + (E11) * COS(RADIANS(L11)) + W11, IF(U11 = 5, E11 + Y11 * SIN(RADIANS(K11)) * SIN(RADIANS(L11)), IF(U11 = 6, (-(D11) * SIN(RADIANS(L11)) + (E11) * COS(RADIANS(L11)) + W11) + Y11 * (1 - COS(RADIANS(K11))) * SIN(RADIANS(Config!$H$18)) * COS(RADIANS(Config!$H$18)), COS(RADIANS(K11)) * (-(D11 - V11) * SIN(RADIANS(L11)) + (E11 - W11) * COS(RADIANS(L11))) + SIN(RADIANS(K11)) * ( Config!$C$17 * ((D11 - V11) * COS(RADIANS(L11)) + (E11 - W11) * SIN(RADIANS(L11))) - Config!$C$15 * (F11 - X11) ) + (1 - COS(RADIANS(K11))) * ( ((D11 - V11) * COS(RADIANS(L11)) + (E11 - W11) * SIN(RADIANS(L11))) * Config!$C$15 + (-(D11 - V11) * SIN(RADIANS(L11)) + (E11 - W11) * COS(RADIANS(L11))) * Config!$C$16 + (F11 - X11) * Config!$C$17 ) * Config!$C$16 + W11 ) ) ) ) ) ) ) -> 0 | P11: =IF(I11="","", IF(Config!$C$51=1, F11, IF(U11 <= 2, -((-(D11 - V11) * SIN(RADIANS(L11)) + (E11 - W11) * COS(RADIANS(L11)))) * SIN(RADIANS(K11)) + (F11 - X11) * COS(RADIANS(K11)) + X11, IF(U11 = 3, -(((D11 - V11) * COS(RADIANS(L11)) + (E11 - W11) * SIN(RADIANS(L11)))) * SIN(RADIANS(K11)) + (F11 - X11) * COS(RADIANS(K11)) + X11, IF(U11 = 4, (F11 + X11) - Y11 * (1 - COS(RADIANS(K11))), IF(U11 = 5, F11 - Y11 * (1 - COS(RADIANS(K11))), IF(U11 = 6, (F11 + X11) - Y11 * SIN(RADIANS(Config!$H$18)) * SIN(RADIANS(Config!$H$18)) * (1 - COS(RADIANS(K11))), COS(RADIANS(K11)) * (F11 - X11) + SIN(RADIANS(K11)) * ( Config!$C$15 * (-(D11 - V11) * SIN(RADIANS(L11)) + (E11 - W11) * COS(RADIANS(L11))) - Config!$C$16 * ((D11 - V11) * COS(RADIANS(L11)) + (E11 - W11) * SIN(RADIANS(L11))) ) + (1 - COS(RADIANS(K11))) * ( ((D11 - V11) * COS(RADIANS(L11)) + (E11 - W11) * SIN(RADIANS(L11))) * Config!$C$15 + (-(D11 - V11) * SIN(RADIANS(L11)) + (E11 - W11) * COS(RADIANS(L11))) * Config!$C$16 + (F11 - X11) * Config!$C$17 ) * Config!$C$17 + X11 ) ) ) ) ) ) ) -> 0 | R11: =IF(I11="","", IF(OR( K11 < IF(Config!$C$4=1,Config!$C$34, IF(Config!$C$4=2,Config!$D$34, IF(Config!$C$4=3,Config!$E$34, IF(Config!$C$4=4,Config!$F$34, IF(Config!$C$4=5,Config!$G$34, IF(Config!$C$4=6,Config!$H$34,Config!$I$34) ) ) ) ) ), K11 > IF(Config!$C$4=1,Config!$C$35, IF(Config!$C$4=2,Config!$D$35, IF(Config!$C$4=3,Config!$E$35, IF(Config!$C$4=4,Config!$F$35, IF(Config!$C$4=5,Config!$G$35, IF(Config!$C$4=6,Config!$H$35,Config!$I$35) ) ) ) ) ) ), "⚠ OUT OF RANGE", "OK" ) ) -> ⚠ OUT OF RANGE | S11: =IF(I11="","", IF(OR( L11 < IF(Config!$C$4=1,Config!$C$36, IF(Config!$C$4=2,Config!$D$36, IF(Config!$C$4=3,Config!$E$36, IF(Config!$C$4=4,Config!$F$36, IF(Config!$C$4=5,Config!$G$36, IF(Config!$C$4=6,Config!$H$36,Config!$I$36) ) ) ) ) ), L11 > IF(Config!$C$4=1,Config!$C$37, IF(Config!$C$4=2,Config!$D$37, IF(Config!$C$4=3,Config!$E$37, IF(Config!$C$4=4,Config!$F$37, IF(Config!$C$4=5,Config!$G$37, IF(Config!$C$4=6,Config!$H$37,Config!$I$37) ) ) ) ) ) ), "⚠ OUT OF RANGE", "OK" ) ) -> OK | U11: =Config!$C$4 -> 1 | V11: =IF(U11=1, Config!$C$27, IF(U11=2, Config!$D$27, IF(U11=3, Config!$E$27, IF(U11=4, Config!$F$27, IF(U11=5, Config!$G$27, IF(U11=6, Config!$H$27, Config!$I$27 ) ) ) ) ) ) -> 0 | W11: =IF(U11=1, Config!$C$28, IF(U11=2, Config!$D$28, IF(U11=3, Config!$E$28, IF(U11=4, Config!$F$28, IF(U11=5, Config!$G$28, IF(U11=6, Config!$H$28, Config!$I$28 ) ) ) ) ) ) -> 0 | X11: =IF(U11=1, Config!$C$29, IF(U11=2, Config!$D$29, IF(U11=3, Config!$E$29, IF(U11=4, Config!$F$29, IF(U11=5, Config!$G$29, IF(U11=6, Config!$H$29, Config!$I$29 ) ) ) ) ) ) -> 0 | Y11: =IF(U11=1, Config!$C$30, IF(U11=2, Config!$D$30, IF(U11=3, Config!$E$30, IF(U11=4, Config!$F$30, IF(U11=5, Config!$G$30, IF(U11=6, Config!$H$30, Config!$I$30 ) ) ) ) ) ) -> 0 | AA11: =IF(I11="","", IF(U11<=2, IF(AND(G11=0,H11=0), 0, -K11), IF(U11=3, IF(AND(G11=0,H11=0), 0, -K11), IF(U11=4, IF(K11>=0, 180-K11, -180-K11), IF(U11=5, "N/A", IF(U11=6, IF(AND(G11=0,H11=0), 0, -K11), "N/A" ) ) ) ) ) ) -> -84.295379 | AB11: =IF(I11="","", IF(U11<=2, IF(AND(G11=0,H11=0), 0, IF(L11<=0, L11+180, L11-180) ), IF(U11=3, IF(AND(G11=0,H11=0), 0, IF(L11<=0, L11+180, L11-180) ), IF(U11=4, L11, IF(U11=5, "N/A", IF(U11=6, IF(AND(G11=0,H11=0), 0, IF(L11<=0, L11+180, L11-180) ), "N/A" ) ) ) ) ) ) -> -96.242898 | AD11: =IF(I11="","", IF(Config!$C$51=1, D11, IF(U11<=2, (D11 - V11)*COS(RADIANS(AB11)) + (E11 - W11)*SIN(RADIANS(AB11)) + V11, IF(U11=3, ((D11 - V11)*COS(RADIANS(AB11)) + (E11 - W11)*SIN(RADIANS(AB11)))*COS(RADIANS(AA11)) + (F11 - X11)*SIN(RADIANS(AA11)) + V11, IF(U11=4, (D11*COS(RADIANS(AB11)) + E11*SIN(RADIANS(AB11)) + V11) + Y11*SIN(RADIANS(AA11)), IF(U11=5, D11 + Y11*SIN(RADIANS(AA11))*COS(RADIANS(AB11)), IF(U11=6, (D11*COS(RADIANS(AB11)) + E11*SIN(RADIANS(AB11)) + V11) + Y11*SIN(RADIANS(AA11))*SIN(RADIANS(Config!$H$18)), COS(RADIANS(AA11)) * (((D11 - V11)*COS(RADIANS(AB11)) + (E11 - W11)*SIN(RADIANS(AB11)))) + SIN(RADIANS(AA11)) * ( Config!$C$16*(F11 - X11) - Config!$C$17*(-(D11 - V11)*SIN(RADIANS(AB11)) + (E11 - W11)*COS(RADIANS(AB11))) ) + (1 - COS(RADIANS(AA11))) * ( ((D11 - V11)*COS(RADIANS(AB11)) + (E11 - W11)*SIN(RADIANS(AB11)))*Config!$C$15 + (-(D11 - V11)*SIN(RADIANS(AB11)) + (E11 - W11)*COS(RADIANS(AB11)))*Config!$C$16 + (F11 - X11)*Config!$C$17 ) * Config!$C$15 + V11 ) ) ) ) ) ) ) -> 0 | AE11: =IF(I11="","", IF(Config!$C$51=1, E11, IF(U11 <= 2, (-(D11 - V11) * SIN(RADIANS(AB11)) + (E11 - W11) * COS(RADIANS(AB11))) * COS(RADIANS(AA11)) + (F11 - X11) * SIN(RADIANS(AA11)) + W11, IF(U11 = 3, (-(D11 - V11) * SIN(RADIANS(AB11)) + (E11 - W11) * COS(RADIANS(AB11))) + W11, IF(U11 = 4, -(D11) * SIN(RADIANS(AB11)) + (E11) * COS(RADIANS(AB11)) + W11, IF(U11 = 5, E11 + Y11 * SIN(RADIANS(AA11)) * SIN(RADIANS(AB11)), IF(U11 = 6, (-(D11) * SIN(RADIANS(AB11)) + (E11) * COS(RADIANS(AB11)) + W11) + Y11 * (1 - COS(RADIANS(AA11))) * SIN(RADIANS(Config!$H$18)) * COS(RADIANS(Config!$H$18)), COS(RADIANS(AA11)) * (-(D11 - V11) * SIN(RADIANS(AB11)) + (E11 - W11) * COS(RADIANS(AB11))) + SIN(RADIANS(AA11)) * ( Config!$C$17 * ((D11 - V11) * COS(RADIANS(AB11)) + (E11 - W11) * SIN(RADIANS(AB11))) - Config!$C$15 * (F11 - X11) ) + (1 - COS(RADIANS(AA11))) * ( ((D11 - V11) * COS(RADIANS(AB11)) + (E11 - W11) * SIN(RADIANS(AB11))) * Config!$C$15 + (-(D11 - V11) * SIN(RADIANS(AB11)) + (E11 - W11) * COS(RADIANS(AB11))) * Config!$C$16 + (F11 - X11) * Config!$C$17 ) * Config!$C$16 + W11 ) ) ) ) ) ) ) -> 0 | AF11: =IF(I11="","", IF(Config!$C$51=1, F11, IF(U11 <= 2, -((-(D11 - V11) * SIN(RADIANS(AB11)) + (E11 - W11) * COS(RADIANS(AB11)))) * SIN(RADIANS(AA11)) + (F11 - X11) * COS(RADIANS(AA11)) + X11, IF(U11 = 3, -(((D11 - V11) * COS(RADIANS(AB11)) + (E11 - W11) * SIN(RADIANS(AB11)))) * SIN(RADIANS(AA11)) + (F11 - X11) * COS(RADIANS(AA11)) + X11, IF(U11 = 4, (F11 + X11) - Y11 * (1 - COS(RADIANS(AA11))), IF(U11 = 5, F11 - Y11 * (1 - COS(RADIANS(AA11))), IF(U11 = 6, (F11 + X11) - Y11 * SIN(RADIANS(Config!$H$18)) * SIN(RADIANS(Config!$H$18)) * (1 - COS(RADIANS(AA11))), COS(RADIANS(AA11)) * (F11 - X11) + SIN(RADIANS(AA11)) * ( Config!$C$15 * (-(D11 - V11) * SIN(RADIANS(AB11)) + (E11 - W11) * COS(RADIANS(AB11))) - Config!$C$16 * ((D11 - V11) * COS(RADIANS(AB11)) + (E11 - W11) * SIN(RADIANS(AB11))) ) + (1 - COS(RADIANS(AA11))) * ( ((D11 - V11) * COS(RADIANS(AB11)) + (E11 - W11) * SIN(RADIANS(AB11))) * Config!$C$15 + (-(D11 - V11) * SIN(RADIANS(AB11)) + (E11 - W11) * COS(RADIANS(AB11))) * Config!$C$16 + (F11 - X11) * Config!$C$17 ) * Config!$C$17 + X11 ) ) ) ) ) ) ) -> 0 | AH11: =IF(I11="","", IF(OR(AA11="N/A", AA11=""), "N/A", IF(OR( AA11 < IF(Config!$C$4=1,Config!$C$34, IF(Config!$C$4=2,Config!$D$34, IF(Config!$C$4=3,Config!$E$34, IF(Config!$C$4=4,Config!$F$34, IF(Config!$C$4=5,Config!$G$34, IF(Config!$C$4=6,Config!$H$34,Config!$I$34) ) ) ) ) ), AA11 > IF(Config!$C$4=1,Config!$C$35, IF(Config!$C$4=2,Config!$D$35, IF(Config!$C$4=3,Config!$E$35, IF(Config!$C$4=4,Config!$F$35, IF(Config!$C$4=5,Config!$G$35, IF(Config!$C$4=6,Config!$H$35,Config!$I$35) ) ) ) ) ) ), "⚠ OUT OF RANGE", "OK" ) ) ) -> OK | AI11: =IF(I11="","", IF(OR(AB11="N/A", AB11=""), "N/A", IF(OR( AB11 < IF(Config!$C$4=1,Config!$C$36, IF(Config!$C$4=2,Config!$D$36, IF(Config!$C$4=3,Config!$E$36, IF(Config!$C$4=4,Config!$F$36, IF(Config!$C$4=5,Config!$G$36, IF(Config!$C$4=6,Config!$H$36,Config!$I$36) ) ) ) ) ), AB11 > IF(Config!$C$4=1,Config!$C$37, IF(Config!$C$4=2,Config!$D$37, IF(Config!$C$4=3,Config!$E$37, IF(Config!$C$4=4,Config!$F$37, IF(Config!$C$4=5,Config!$G$37, IF(Config!$C$4=6,Config!$H$37,Config!$I$37) ) ) ) ) ) ), "⚠ OUT OF RANGE", "OK" ) ) ) -> OK
B12: 8 | D12: 0 | E12: 0 | F12: 0 | G12: 0 | H12: 0.5 | I12: 0.866 | K12: =IF( I12="", "", IF( Config!$C$4<=2, IF( AND(G12=0,H12=0), 0, IF( H12>=0, DEGREES(ACOS(I12)), -DEGREES(ACOS(I12)) ) ), IF( Config!$C$4=3, IF( AND(G12=0,H12=0), 0, IF( G12>=0, DEGREES(ACOS(I12)), -DEGREES(ACOS(I12)) ) ), IF( Config!$C$4=4, IF( AND(G12=0,H12=0), 0, DEGREES(ATAN2(I12,G12)) ), IF( Config!$C$4=5, IF( AND(G12=0,H12=0), 0, DEGREES(ACOS(I12)) ), IF( Config!$C$4=6, IF( AND(G12=0,H12=0), 0, IF( G12>=0, DEGREES(ACOS(2*I12-1)), -DEGREES(ACOS(2*I12-1)) ) ), IF( AND(G12=0,H12=0), 0, IF( ((G12*Config!$C$16-H12*Config!$C$15))<=0, DEGREES( ACOS( MAX( -1, MIN( 1, (I12-Config!$C$20)/Config!$C$21 ) ) ) ), -DEGREES( ACOS( MAX( -1, MIN( 1, (I12-Config!$C$20)/Config!$C$21 ) ) ) ) ) ) ) ) ) ) ) ) -> 30.002911 | L12: =IF( I12="", "", IF( Config!$C$4<=2, IF( AND(G12=0,H12=0), 0, DEGREES(ATAN2(H12,G12)) ), IF( Config!$C$4=3, IF( AND(G12=0,H12=0), 0, DEGREES(ATAN2(G12,-H12)) ), IF( Config!$C$4=4, 0, IF( Config!$C$4=5, IF( AND(G12=0,H12=0), 0, DEGREES(ATAN2(H12,G12)) ), IF( Config!$C$4=6, IF( AND(G12=0,H12=0), 0, DEGREES(ATAN2(H12,G12)) ), 0 ) ) ) ) ) ) -> 0 | N12: =IF(I12="","", IF(Config!$C$51=1, D12, IF(U12<=2, (D12 - V12)*COS(RADIANS(L12)) + (E12 - W12)*SIN(RADIANS(L12)) + V12, IF(U12=3, ((D12 - V12)*COS(RADIANS(L12)) + (E12 - W12)*SIN(RADIANS(L12)))*COS(RADIANS(K12)) + (F12 - X12)*SIN(RADIANS(K12)) + V12, IF(U12=4, (D12*COS(RADIANS(L12)) + E12*SIN(RADIANS(L12)) + V12) + Y12*SIN(RADIANS(K12)), IF(U12=5, D12 + Y12*SIN(RADIANS(K12))*COS(RADIANS(L12)), IF(U12=6, (D12*COS(RADIANS(L12)) + E12*SIN(RADIANS(L12)) + V12) + Y12*SIN(RADIANS(K12))*SIN(RADIANS(Config!$H$18)), COS(RADIANS(K12)) * (((D12 - V12)*COS(RADIANS(L12)) + (E12 - W12)*SIN(RADIANS(L12)))) + SIN(RADIANS(K12)) * ( Config!$C$16*(F12 - X12) - Config!$C$17*(-(D12 - V12)*SIN(RADIANS(L12)) + (E12 - W12)*COS(RADIANS(L12))) ) + (1 - COS(RADIANS(K12))) * ( ((D12 - V12)*COS(RADIANS(L12)) + (E12 - W12)*SIN(RADIANS(L12)))*Config!$C$15 + (-(D12 - V12)*SIN(RADIANS(L12)) + (E12 - W12)*COS(RADIANS(L12)))*Config!$C$16 + (F12 - X12)*Config!$C$17 ) * Config!$C$15 + V12 ) ) ) ) ) ) ) -> 0 | O12: =IF(I12="","", IF(Config!$C$51=1, E12, IF(U12 <= 2, (-(D12 - V12) * SIN(RADIANS(L12)) + (E12 - W12) * COS(RADIANS(L12))) * COS(RADIANS(K12)) + (F12 - X12) * SIN(RADIANS(K12)) + W12, IF(U12 = 3, (-(D12 - V12) * SIN(RADIANS(L12)) + (E12 - W12) * COS(RADIANS(L12))) + W12, IF(U12 = 4, -(D12) * SIN(RADIANS(L12)) + (E12) * COS(RADIANS(L12)) + W12, IF(U12 = 5, E12 + Y12 * SIN(RADIANS(K12)) * SIN(RADIANS(L12)), IF(U12 = 6, (-(D12) * SIN(RADIANS(L12)) + (E12) * COS(RADIANS(L12)) + W12) + Y12 * (1 - COS(RADIANS(K12))) * SIN(RADIANS(Config!$H$18)) * COS(RADIANS(Config!$H$18)), COS(RADIANS(K12)) * (-(D12 - V12) * SIN(RADIANS(L12)) + (E12 - W12) * COS(RADIANS(L12))) + SIN(RADIANS(K12)) * ( Config!$C$17 * ((D12 - V12) * COS(RADIANS(L12)) + (E12 - W12) * SIN(RADIANS(L12))) - Config!$C$15 * (F12 - X12) ) + (1 - COS(RADIANS(K12))) * ( ((D12 - V12) * COS(RADIANS(L12)) + (E12 - W12) * SIN(RADIANS(L12))) * Config!$C$15 + (-(D12 - V12) * SIN(RADIANS(L12)) + (E12 - W12) * COS(RADIANS(L12))) * Config!$C$16 + (F12 - X12) * Config!$C$17 ) * Config!$C$16 + W12 ) ) ) ) ) ) ) -> 0 | P12: =IF(I12="","", IF(Config!$C$51=1, F12, IF(U12 <= 2, -((-(D12 - V12) * SIN(RADIANS(L12)) + (E12 - W12) * COS(RADIANS(L12)))) * SIN(RADIANS(K12)) + (F12 - X12) * COS(RADIANS(K12)) + X12, IF(U12 = 3, -(((D12 - V12) * COS(RADIANS(L12)) + (E12 - W12) * SIN(RADIANS(L12)))) * SIN(RADIANS(K12)) + (F12 - X12) * COS(RADIANS(K12)) + X12, IF(U12 = 4, (F12 + X12) - Y12 * (1 - COS(RADIANS(K12))), IF(U12 = 5, F12 - Y12 * (1 - COS(RADIANS(K12))), IF(U12 = 6, (F12 + X12) - Y12 * SIN(RADIANS(Config!$H$18)) * SIN(RADIANS(Config!$H$18)) * (1 - COS(RADIANS(K12))), COS(RADIANS(K12)) * (F12 - X12) + SIN(RADIANS(K12)) * ( Config!$C$15 * (-(D12 - V12) * SIN(RADIANS(L12)) + (E12 - W12) * COS(RADIANS(L12))) - Config!$C$16 * ((D12 - V12) * COS(RADIANS(L12)) + (E12 - W12) * SIN(RADIANS(L12))) ) + (1 - COS(RADIANS(K12))) * ( ((D12 - V12) * COS(RADIANS(L12)) + (E12 - W12) * SIN(RADIANS(L12))) * Config!$C$15 + (-(D12 - V12) * SIN(RADIANS(L12)) + (E12 - W12) * COS(RADIANS(L12))) * Config!$C$16 + (F12 - X12) * Config!$C$17 ) * Config!$C$17 + X12 ) ) ) ) ) ) ) -> 0 | R12: =IF(I12="","", IF(OR( K12 < IF(Config!$C$4=1,Config!$C$34, IF(Config!$C$4=2,Config!$D$34, IF(Config!$C$4=3,Config!$E$34, IF(Config!$C$4=4,Config!$F$34, IF(Config!$C$4=5,Config!$G$34, IF(Config!$C$4=6,Config!$H$34,Config!$I$34) ) ) ) ) ), K12 > IF(Config!$C$4=1,Config!$C$35, IF(Config!$C$4=2,Config!$D$35, IF(Config!$C$4=3,Config!$E$35, IF(Config!$C$4=4,Config!$F$35, IF(Config!$C$4=5,Config!$G$35, IF(Config!$C$4=6,Config!$H$35,Config!$I$35) ) ) ) ) ) ), "⚠ OUT OF RANGE", "OK" ) ) -> ⚠ OUT OF RANGE | S12: =IF(I12="","", IF(OR( L12 < IF(Config!$C$4=1,Config!$C$36, IF(Config!$C$4=2,Config!$D$36, IF(Config!$C$4=3,Config!$E$36, IF(Config!$C$4=4,Config!$F$36, IF(Config!$C$4=5,Config!$G$36, IF(Config!$C$4=6,Config!$H$36,Config!$I$36) ) ) ) ) ), L12 > IF(Config!$C$4=1,Config!$C$37, IF(Config!$C$4=2,Config!$D$37, IF(Config!$C$4=3,Config!$E$37, IF(Config!$C$4=4,Config!$F$37, IF(Config!$C$4=5,Config!$G$37, IF(Config!$C$4=6,Config!$H$37,Config!$I$37) ) ) ) ) ) ), "⚠ OUT OF RANGE", "OK" ) ) -> OK | U12: =Config!$C$4 -> 1 | V12: =IF(U12=1, Config!$C$27, IF(U12=2, Config!$D$27, IF(U12=3, Config!$E$27, IF(U12=4, Config!$F$27, IF(U12=5, Config!$G$27, IF(U12=6, Config!$H$27, Config!$I$27 ) ) ) ) ) ) -> 0 | W12: =IF(U12=1, Config!$C$28, IF(U12=2, Config!$D$28, IF(U12=3, Config!$E$28, IF(U12=4, Config!$F$28, IF(U12=5, Config!$G$28, IF(U12=6, Config!$H$28, Config!$I$28 ) ) ) ) ) ) -> 0 | X12: =IF(U12=1, Config!$C$29, IF(U12=2, Config!$D$29, IF(U12=3, Config!$E$29, IF(U12=4, Config!$F$29, IF(U12=5, Config!$G$29, IF(U12=6, Config!$H$29, Config!$I$29 ) ) ) ) ) ) -> 0 | Y12: =IF(U12=1, Config!$C$30, IF(U12=2, Config!$D$30, IF(U12=3, Config!$E$30, IF(U12=4, Config!$F$30, IF(U12=5, Config!$G$30, IF(U12=6, Config!$H$30, Config!$I$30 ) ) ) ) ) ) -> 0 | AA12: =IF(I12="","", IF(U12<=2, IF(AND(G12=0,H12=0), 0, -K12), IF(U12=3, IF(AND(G12=0,H12=0), 0, -K12), IF(U12=4, IF(K12>=0, 180-K12, -180-K12), IF(U12=5, "N/A", IF(U12=6, IF(AND(G12=0,H12=0), 0, -K12), "N/A" ) ) ) ) ) ) -> -30.002911 | AB12: =IF(I12="","", IF(U12<=2, IF(AND(G12=0,H12=0), 0, IF(L12<=0, L12+180, L12-180) ), IF(U12=3, IF(AND(G12=0,H12=0), 0, IF(L12<=0, L12+180, L12-180) ), IF(U12=4, L12, IF(U12=5, "N/A", IF(U12=6, IF(AND(G12=0,H12=0), 0, IF(L12<=0, L12+180, L12-180) ), "N/A" ) ) ) ) ) ) -> 180 | AD12: =IF(I12="","", IF(Config!$C$51=1, D12, IF(U12<=2, (D12 - V12)*COS(RADIANS(AB12)) + (E12 - W12)*SIN(RADIANS(AB12)) + V12, IF(U12=3, ((D12 - V12)*COS(RADIANS(AB12)) + (E12 - W12)*SIN(RADIANS(AB12)))*COS(RADIANS(AA12)) + (F12 - X12)*SIN(RADIANS(AA12)) + V12, IF(U12=4, (D12*COS(RADIANS(AB12)) + E12*SIN(RADIANS(AB12)) + V12) + Y12*SIN(RADIANS(AA12)), IF(U12=5, D12 + Y12*SIN(RADIANS(AA12))*COS(RADIANS(AB12)), IF(U12=6, (D12*COS(RADIANS(AB12)) + E12*SIN(RADIANS(AB12)) + V12) + Y12*SIN(RADIANS(AA12))*SIN(RADIANS(Config!$H$18)), COS(RADIANS(AA12)) * (((D12 - V12)*COS(RADIANS(AB12)) + (E12 - W12)*SIN(RADIANS(AB12)))) + SIN(RADIANS(AA12)) * ( Config!$C$16*(F12 - X12) - Config!$C$17*(-(D12 - V12)*SIN(RADIANS(AB12)) + (E12 - W12)*COS(RADIANS(AB12))) ) + (1 - COS(RADIANS(AA12))) * ( ((D12 - V12)*COS(RADIANS(AB12)) + (E12 - W12)*SIN(RADIANS(AB12)))*Config!$C$15 + (-(D12 - V12)*SIN(RADIANS(AB12)) + (E12 - W12)*COS(RADIANS(AB12)))*Config!$C$16 + (F12 - X12)*Config!$C$17 ) * Config!$C$15 + V12 ) ) ) ) ) ) ) -> 0 | AE12: =IF(I12="","", IF(Config!$C$51=1, E12, IF(U12 <= 2, (-(D12 - V12) * SIN(RADIANS(AB12)) + (E12 - W12) * COS(RADIANS(AB12))) * COS(RADIANS(AA12)) + (F12 - X12) * SIN(RADIANS(AA12)) + W12, IF(U12 = 3, (-(D12 - V12) * SIN(RADIANS(AB12)) + (E12 - W12) * COS(RADIANS(AB12))) + W12, IF(U12 = 4, -(D12) * SIN(RADIANS(AB12)) + (E12) * COS(RADIANS(AB12)) + W12, IF(U12 = 5, E12 + Y12 * SIN(RADIANS(AA12)) * SIN(RADIANS(AB12)), IF(U12 = 6, (-(D12) * SIN(RADIANS(AB12)) + (E12) * COS(RADIANS(AB12)) + W12) + Y12 * (1 - COS(RADIANS(AA12))) * SIN(RADIANS(Config!$H$18)) * COS(RADIANS(Config!$H$18)), COS(RADIANS(AA12)) * (-(D12 - V12) * SIN(RADIANS(AB12)) + (E12 - W12) * COS(RADIANS(AB12))) + SIN(RADIANS(AA12)) * ( Config!$C$17 * ((D12 - V12) * COS(RADIANS(AB12)) + (E12 - W12) * SIN(RADIANS(AB12))) - Config!$C$15 * (F12 - X12) ) + (1 - COS(RADIANS(AA12))) * ( ((D12 - V12) * COS(RADIANS(AB12)) + (E12 - W12) * SIN(RADIANS(AB12))) * Config!$C$15 + (-(D12 - V12) * SIN(RADIANS(AB12)) + (E12 - W12) * COS(RADIANS(AB12))) * Config!$C$16 + (F12 - X12) * Config!$C$17 ) * Config!$C$16 + W12 ) ) ) ) ) ) ) -> 0 | AF12: =IF(I12="","", IF(Config!$C$51=1, F12, IF(U12 <= 2, -((-(D12 - V12) * SIN(RADIANS(AB12)) + (E12 - W12) * COS(RADIANS(AB12)))) * SIN(RADIANS(AA12)) + (F12 - X12) * COS(RADIANS(AA12)) + X12, IF(U12 = 3, -(((D12 - V12) * COS(RADIANS(AB12)) + (E12 - W12) * SIN(RADIANS(AB12)))) * SIN(RADIANS(AA12)) + (F12 - X12) * COS(RADIANS(AA12)) + X12, IF(U12 = 4, (F12 + X12) - Y12 * (1 - COS(RADIANS(AA12))), IF(U12 = 5, F12 - Y12 * (1 - COS(RADIANS(AA12))), IF(U12 = 6, (F12 + X12) - Y12 * SIN(RADIANS(Config!$H$18)) * SIN(RADIANS(Config!$H$18)) * (1 - COS(RADIANS(AA12))), COS(RADIANS(AA12)) * (F12 - X12) + SIN(RADIANS(AA12)) * ( Config!$C$15 * (-(D12 - V12) * SIN(RADIANS(AB12)) + (E12 - W12) * COS(RADIANS(AB12))) - Config!$C$16 * ((D12 - V12) * COS(RADIANS(AB12)) + (E12 - W12) * SIN(RADIANS(AB12))) ) + (1 - COS(RADIANS(AA12))) * ( ((D12 - V12) * COS(RADIANS(AB12)) + (E12 - W12) * SIN(RADIANS(AB12))) * Config!$C$15 + (-(D12 - V12) * SIN(RADIANS(AB12)) + (E12 - W12) * COS(RADIANS(AB12))) * Config!$C$16 + (F12 - X12) * Config!$C$17 ) * Config!$C$17 + X12 ) ) ) ) ) ) ) -> 0 | AH12: =IF(I12="","", IF(OR(AA12="N/A", AA12=""), "N/A", IF(OR( AA12 < IF(Config!$C$4=1,Config!$C$34, IF(Config!$C$4=2,Config!$D$34, IF(Config!$C$4=3,Config!$E$34, IF(Config!$C$4=4,Config!$F$34, IF(Config!$C$4=5,Config!$G$34, IF(Config!$C$4=6,Config!$H$34,Config!$I$34) ) ) ) ) ), AA12 > IF(Config!$C$4=1,Config!$C$35, IF(Config!$C$4=2,Config!$D$35, IF(Config!$C$4=3,Config!$E$35, IF(Config!$C$4=4,Config!$F$35, IF(Config!$C$4=5,Config!$G$35, IF(Config!$C$4=6,Config!$H$35,Config!$I$35) ) ) ) ) ) ), "⚠ OUT OF RANGE", "OK" ) ) ) -> OK | AI12: =IF(I12="","", IF(OR(AB12="N/A", AB12=""), "N/A", IF(OR( AB12 < IF(Config!$C$4=1,Config!$C$36, IF(Config!$C$4=2,Config!$D$36, IF(Config!$C$4=3,Config!$E$36, IF(Config!$C$4=4,Config!$F$36, IF(Config!$C$4=5,Config!$G$36, IF(Config!$C$4=6,Config!$H$36,Config!$I$36) ) ) ) ) ), AB12 > IF(Config!$C$4=1,Config!$C$37, IF(Config!$C$4=2,Config!$D$37, IF(Config!$C$4=3,Config!$E$37, IF(Config!$C$4=4,Config!$F$37, IF(Config!$C$4=5,Config!$G$37, IF(Config!$C$4=6,Config!$H$37,Config!$I$37) ) ) ) ) ) ), "⚠ OUT OF RANGE", "OK" ) ) ) -> OK
B13: 9 | D13: 25 | E13: 15 | F13: -5 | G13: 0.3317 | H13: 0.2484 | I13: 0.9101 | K13: =IF( I13="", "", IF( Config!$C$4<=2, IF( AND(G13=0,H13=0), 0, IF( H13>=0, DEGREES(ACOS(I13)), -DEGREES(ACOS(I13)) ) ), IF( Config!$C$4=3, IF( AND(G13=0,H13=0), 0, IF( G13>=0, DEGREES(ACOS(I13)), -DEGREES(ACOS(I13)) ) ), IF( Config!$C$4=4, IF( AND(G13=0,H13=0), 0, DEGREES(ATAN2(I13,G13)) ), IF( Config!$C$4=5, IF( AND(G13=0,H13=0), 0, DEGREES(ACOS(I13)) ), IF( Config!$C$4=6, IF( AND(G13=0,H13=0), 0, IF( G13>=0, DEGREES(ACOS(2*I13-1)), -DEGREES(ACOS(2*I13-1)) ) ), IF( AND(G13=0,H13=0), 0, IF( ((G13*Config!$C$16-H13*Config!$C$15))<=0, DEGREES( ACOS( MAX( -1, MIN( 1, (I13-Config!$C$20)/Config!$C$21 ) ) ) ), -DEGREES( ACOS( MAX( -1, MIN( 1, (I13-Config!$C$20)/Config!$C$21 ) ) ) ) ) ) ) ) ) ) ) ) -> 24.480826 | L13: =IF( I13="", "", IF( Config!$C$4<=2, IF( AND(G13=0,H13=0), 0, DEGREES(ATAN2(H13,G13)) ), IF( Config!$C$4=3, IF( AND(G13=0,H13=0), 0, DEGREES(ATAN2(G13,-H13)) ), IF( Config!$C$4=4, 0, IF( Config!$C$4=5, IF( AND(G13=0,H13=0), 0, DEGREES(ATAN2(H13,G13)) ), IF( Config!$C$4=6, IF( AND(G13=0,H13=0), 0, DEGREES(ATAN2(H13,G13)) ), 0 ) ) ) ) ) ) -> 53.171581 | N13: =IF(I13="","", IF(Config!$C$51=1, D13, IF(U13<=2, (D13 - V13)*COS(RADIANS(L13)) + (E13 - W13)*SIN(RADIANS(L13)) + V13, IF(U13=3, ((D13 - V13)*COS(RADIANS(L13)) + (E13 - W13)*SIN(RADIANS(L13)))*COS(RADIANS(K13)) + (F13 - X13)*SIN(RADIANS(K13)) + V13, IF(U13=4, (D13*COS(RADIANS(L13)) + E13*SIN(RADIANS(L13)) + V13) + Y13*SIN(RADIANS(K13)), IF(U13=5, D13 + Y13*SIN(RADIANS(K13))*COS(RADIANS(L13)), IF(U13=6, (D13*COS(RADIANS(L13)) + E13*SIN(RADIANS(L13)) + V13) + Y13*SIN(RADIANS(K13))*SIN(RADIANS(Config!$H$18)), COS(RADIANS(K13)) * (((D13 - V13)*COS(RADIANS(L13)) + (E13 - W13)*SIN(RADIANS(L13)))) + SIN(RADIANS(K13)) * ( Config!$C$16*(F13 - X13) - Config!$C$17*(-(D13 - V13)*SIN(RADIANS(L13)) + (E13 - W13)*COS(RADIANS(L13))) ) + (1 - COS(RADIANS(K13))) * ( ((D13 - V13)*COS(RADIANS(L13)) + (E13 - W13)*SIN(RADIANS(L13)))*Config!$C$15 + (-(D13 - V13)*SIN(RADIANS(L13)) + (E13 - W13)*COS(RADIANS(L13)))*Config!$C$16 + (F13 - X13)*Config!$C$17 ) * Config!$C$15 + V13 ) ) ) ) ) ) ) -> 26.99203 | O13: =IF(I13="","", IF(Config!$C$51=1, E13, IF(U13 <= 2, (-(D13 - V13) * SIN(RADIANS(L13)) + (E13 - W13) * COS(RADIANS(L13))) * COS(RADIANS(K13)) + (F13 - X13) * SIN(RADIANS(K13)) + W13, IF(U13 = 3, (-(D13 - V13) * SIN(RADIANS(L13)) + (E13 - W13) * COS(RADIANS(L13))) + W13, IF(U13 = 4, -(D13) * SIN(RADIANS(L13)) + (E13) * COS(RADIANS(L13)) + W13, IF(U13 = 5, E13 + Y13 * SIN(RADIANS(K13)) * SIN(RADIANS(L13)), IF(U13 = 6, (-(D13) * SIN(RADIANS(L13)) + (E13) * COS(RADIANS(L13)) + W13) + Y13 * (1 - COS(RADIANS(K13))) * SIN(RADIANS(Config!$H$18)) * COS(RADIANS(Config!$H$18)), COS(RADIANS(K13)) * (-(D13 - V13) * SIN(RADIANS(L13)) + (E13 - W13) * COS(RADIANS(L13))) + SIN(RADIANS(K13)) * ( Config!$C$17 * ((D13 - V13) * COS(RADIANS(L13)) + (E13 - W13) * SIN(RADIANS(L13))) - Config!$C$15 * (F13 - X13) ) + (1 - COS(RADIANS(K13))) * ( ((D13 - V13) * COS(RADIANS(L13)) + (E13 - W13) * SIN(RADIANS(L13))) * Config!$C$15 + (-(D13 - V13) * SIN(RADIANS(L13)) + (E13 - W13) * COS(RADIANS(L13))) * Config!$C$16 + (F13 - X13) * Config!$C$17 ) * Config!$C$16 + W13 ) ) ) ) ) ) ) -> -12.10083 | P13: =IF(I13="","", IF(Config!$C$51=1, F13, IF(U13 <= 2, -((-(D13 - V13) * SIN(RADIANS(L13)) + (E13 - W13) * COS(RADIANS(L13)))) * SIN(RADIANS(K13)) + (F13 - X13) * COS(RADIANS(K13)) + X13, IF(U13 = 3, -(((D13 - V13) * COS(RADIANS(L13)) + (E13 - W13) * SIN(RADIANS(L13)))) * SIN(RADIANS(K13)) + (F13 - X13) * COS(RADIANS(K13)) + X13, IF(U13 = 4, (F13 + X13) - Y13 * (1 - COS(RADIANS(K13))), IF(U13 = 5, F13 - Y13 * (1 - COS(RADIANS(K13))), IF(U13 = 6, (F13 + X13) - Y13 * SIN(RADIANS(Config!$H$18)) * SIN(RADIANS(Config!$H$18)) * (1 - COS(RADIANS(K13))), COS(RADIANS(K13)) * (F13 - X13) + SIN(RADIANS(K13)) * ( Config!$C$15 * (-(D13 - V13) * SIN(RADIANS(L13)) + (E13 - W13) * COS(RADIANS(L13))) - Config!$C$16 * ((D13 - V13) * COS(RADIANS(L13)) + (E13 - W13) * SIN(RADIANS(L13))) ) + (1 - COS(RADIANS(K13))) * ( ((D13 - V13) * COS(RADIANS(L13)) + (E13 - W13) * SIN(RADIANS(L13))) * Config!$C$15 + (-(D13 - V13) * SIN(RADIANS(L13)) + (E13 - W13) * COS(RADIANS(L13))) * Config!$C$16 + (F13 - X13) * Config!$C$17 ) * Config!$C$17 + X13 ) ) ) ) ) ) ) -> 0.01587422 | R13: =IF(I13="","", IF(OR( K13 < IF(Config!$C$4=1,Config!$C$34, IF(Config!$C$4=2,Config!$D$34, IF(Config!$C$4=3,Config!$E$34, IF(Config!$C$4=4,Config!$F$34, IF(Config!$C$4=5,Config!$G$34, IF(Config!$C$4=6,Config!$H$34,Config!$I$34) ) ) ) ) ), K13 > IF(Config!$C$4=1,Config!$C$35, IF(Config!$C$4=2,Config!$D$35, IF(Config!$C$4=3,Config!$E$35, IF(Config!$C$4=4,Config!$F$35, IF(Config!$C$4=5,Config!$G$35, IF(Config!$C$4=6,Config!$H$35,Config!$I$35) ) ) ) ) ) ), "⚠ OUT OF RANGE", "OK" ) ) -> OK | S13: =IF(I13="","", IF(OR( L13 < IF(Config!$C$4=1,Config!$C$36, IF(Config!$C$4=2,Config!$D$36, IF(Config!$C$4=3,Config!$E$36, IF(Config!$C$4=4,Config!$F$36, IF(Config!$C$4=5,Config!$G$36, IF(Config!$C$4=6,Config!$H$36,Config!$I$36) ) ) ) ) ), L13 > IF(Config!$C$4=1,Config!$C$37, IF(Config!$C$4=2,Config!$D$37, IF(Config!$C$4=3,Config!$E$37, IF(Config!$C$4=4,Config!$F$37, IF(Config!$C$4=5,Config!$G$37, IF(Config!$C$4=6,Config!$H$37,Config!$I$37) ) ) ) ) ) ), "⚠ OUT OF RANGE", "OK" ) ) -> OK | U13: =Config!$C$4 -> 1 | V13: =IF(U13=1, Config!$C$27, IF(U13=2, Config!$D$27, IF(U13=3, Config!$E$27, IF(U13=4, Config!$F$27, IF(U13=5, Config!$G$27, IF(U13=6, Config!$H$27, Config!$I$27 ) ) ) ) ) ) -> 0 | W13: =IF(U13=1, Config!$C$28, IF(U13=2, Config!$D$28, IF(U13=3, Config!$E$28, IF(U13=4, Config!$F$28, IF(U13=5, Config!$G$28, IF(U13=6, Config!$H$28, Config!$I$28 ) ) ) ) ) ) -> 0 | X13: =IF(U13=1, Config!$C$29, IF(U13=2, Config!$D$29, IF(U13=3, Config!$E$29, IF(U13=4, Config!$F$29, IF(U13=5, Config!$G$29, IF(U13=6, Config!$H$29, Config!$I$29 ) ) ) ) ) ) -> 0 | Y13: =IF(U13=1, Config!$C$30, IF(U13=2, Config!$D$30, IF(U13=3, Config!$E$30, IF(U13=4, Config!$F$30, IF(U13=5, Config!$G$30, IF(U13=6, Config!$H$30, Config!$I$30 ) ) ) ) ) ) -> 0 | AA13: =IF(I13="","", IF(U13<=2, IF(AND(G13=0,H13=0), 0, -K13), IF(U13=3, IF(AND(G13=0,H13=0), 0, -K13), IF(U13=4, IF(K13>=0, 180-K13, -180-K13), IF(U13=5, "N/A", IF(U13=6, IF(AND(G13=0,H13=0), 0, -K13), "N/A" ) ) ) ) ) ) -> -24.480826 | AB13: =IF(I13="","", IF(U13<=2, IF(AND(G13=0,H13=0), 0, IF(L13<=0, L13+180, L13-180) ), IF(U13=3, IF(AND(G13=0,H13=0), 0, IF(L13<=0, L13+180, L13-180) ), IF(U13=4, L13, IF(U13=5, "N/A", IF(U13=6, IF(AND(G13=0,H13=0), 0, IF(L13<=0, L13+180, L13-180) ), "N/A" ) ) ) ) ) ) -> -126.82842 | AD13: =IF(I13="","", IF(Config!$C$51=1, D13, IF(U13<=2, (D13 - V13)*COS(RADIANS(AB13)) + (E13 - W13)*SIN(RADIANS(AB13)) + V13, IF(U13=3, ((D13 - V13)*COS(RADIANS(AB13)) + (E13 - W13)*SIN(RADIANS(AB13)))*COS(RADIANS(AA13)) + (F13 - X13)*SIN(RADIANS(AA13)) + V13, IF(U13=4, (D13*COS(RADIANS(AB13)) + E13*SIN(RADIANS(AB13)) + V13) + Y13*SIN(RADIANS(AA13)), IF(U13=5, D13 + Y13*SIN(RADIANS(AA13))*COS(RADIANS(AB13)), IF(U13=6, (D13*COS(RADIANS(AB13)) + E13*SIN(RADIANS(AB13)) + V13) + Y13*SIN(RADIANS(AA13))*SIN(RADIANS(Config!$H$18)), COS(RADIANS(AA13)) * (((D13 - V13)*COS(RADIANS(AB13)) + (E13 - W13)*SIN(RADIANS(AB13)))) + SIN(RADIANS(AA13)) * ( Config!$C$16*(F13 - X13) - Config!$C$17*(-(D13 - V13)*SIN(RADIANS(AB13)) + (E13 - W13)*COS(RADIANS(AB13))) ) + (1 - COS(RADIANS(AA13))) * ( ((D13 - V13)*COS(RADIANS(AB13)) + (E13 - W13)*SIN(RADIANS(AB13)))*Config!$C$15 + (-(D13 - V13)*SIN(RADIANS(AB13)) + (E13 - W13)*COS(RADIANS(AB13)))*Config!$C$16 + (F13 - X13)*Config!$C$17 ) * Config!$C$15 + V13 ) ) ) ) ) ) ) -> -26.99203 | AE13: =IF(I13="","", IF(Config!$C$51=1, E13, IF(U13 <= 2, (-(D13 - V13) * SIN(RADIANS(AB13)) + (E13 - W13) * COS(RADIANS(AB13))) * COS(RADIANS(AA13)) + (F13 - X13) * SIN(RADIANS(AA13)) + W13, IF(U13 = 3, (-(D13 - V13) * SIN(RADIANS(AB13)) + (E13 - W13) * COS(RADIANS(AB13))) + W13, IF(U13 = 4, -(D13) * SIN(RADIANS(AB13)) + (E13) * COS(RADIANS(AB13)) + W13, IF(U13 = 5, E13 + Y13 * SIN(RADIANS(AA13)) * SIN(RADIANS(AB13)), IF(U13 = 6, (-(D13) * SIN(RADIANS(AB13)) + (E13) * COS(RADIANS(AB13)) + W13) + Y13 * (1 - COS(RADIANS(AA13))) * SIN(RADIANS(Config!$H$18)) * COS(RADIANS(Config!$H$18)), COS(RADIANS(AA13)) * (-(D13 - V13) * SIN(RADIANS(AB13)) + (E13 - W13) * COS(RADIANS(AB13))) + SIN(RADIANS(AA13)) * ( Config!$C$17 * ((D13 - V13) * COS(RADIANS(AB13)) + (E13 - W13) * SIN(RADIANS(AB13))) - Config!$C$15 * (F13 - X13) ) + (1 - COS(RADIANS(AA13))) * ( ((D13 - V13) * COS(RADIANS(AB13)) + (E13 - W13) * SIN(RADIANS(AB13))) * Config!$C$15 + (-(D13 - V13) * SIN(RADIANS(AB13)) + (E13 - W13) * COS(RADIANS(AB13))) * Config!$C$16 + (F13 - X13) * Config!$C$17 ) * Config!$C$16 + W13 ) ) ) ) ) ) ) -> 12.10083 | AF13: =IF(I13="","", IF(Config!$C$51=1, F13, IF(U13 <= 2, -((-(D13 - V13) * SIN(RADIANS(AB13)) + (E13 - W13) * COS(RADIANS(AB13)))) * SIN(RADIANS(AA13)) + (F13 - X13) * COS(RADIANS(AA13)) + X13, IF(U13 = 3, -(((D13 - V13) * COS(RADIANS(AB13)) + (E13 - W13) * SIN(RADIANS(AB13)))) * SIN(RADIANS(AA13)) + (F13 - X13) * COS(RADIANS(AA13)) + X13, IF(U13 = 4, (F13 + X13) - Y13 * (1 - COS(RADIANS(AA13))), IF(U13 = 5, F13 - Y13 * (1 - COS(RADIANS(AA13))), IF(U13 = 6, (F13 + X13) - Y13 * SIN(RADIANS(Config!$H$18)) * SIN(RADIANS(Config!$H$18)) * (1 - COS(RADIANS(AA13))), COS(RADIANS(AA13)) * (F13 - X13) + SIN(RADIANS(AA13)) * ( Config!$C$15 * (-(D13 - V13) * SIN(RADIANS(AB13)) + (E13 - W13) * COS(RADIANS(AB13))) - Config!$C$16 * ((D13 - V13) * COS(RADIANS(AB13)) + (E13 - W13) * SIN(RADIANS(AB13))) ) + (1 - COS(RADIANS(AA13))) * ( ((D13 - V13) * COS(RADIANS(AB13)) + (E13 - W13) * SIN(RADIANS(AB13))) * Config!$C$15 + (-(D13 - V13) * SIN(RADIANS(AB13)) + (E13 - W13) * COS(RADIANS(AB13))) * Config!$C$16 + (F13 - X13) * Config!$C$17 ) * Config!$C$17 + X13 ) ) ) ) ) ) ) -> 0.01587422 | AH13: =IF(I13="","", IF(OR(AA13="N/A", AA13=""), "N/A", IF(OR( AA13 < IF(Config!$C$4=1,Config!$C$34, IF(Config!$C$4=2,Config!$D$34, IF(Config!$C$4=3,Config!$E$34, IF(Config!$C$4=4,Config!$F$34, IF(Config!$C$4=5,Config!$G$34, IF(Config!$C$4=6,Config!$H$34,Config!$I$34) ) ) ) ) ), AA13 > IF(Config!$C$4=1,Config!$C$35, IF(Config!$C$4=2,Config!$D$35, IF(Config!$C$4=3,Config!$E$35, IF(Config!$C$4=4,Config!$F$35, IF(Config!$C$4=5,Config!$G$35, IF(Config!$C$4=6,Config!$H$35,Config!$I$35) ) ) ) ) ) ), "⚠ OUT OF RANGE", "OK" ) ) ) -> OK | AI13: =IF(I13="","", IF(OR(AB13="N/A", AB13=""), "N/A", IF(OR( AB13 < IF(Config!$C$4=1,Config!$C$36, IF(Config!$C$4=2,Config!$D$36, IF(Config!$C$4=3,Config!$E$36, IF(Config!$C$4=4,Config!$F$36, IF(Config!$C$4=5,Config!$G$36, IF(Config!$C$4=6,Config!$H$36,Config!$I$36) ) ) ) ) ), AB13 > IF(Config!$C$4=1,Config!$C$37, IF(Config!$C$4=2,Config!$D$37, IF(Config!$C$4=3,Config!$E$37, IF(Config!$C$4=4,Config!$F$37, IF(Config!$C$4=5,Config!$G$37, IF(Config!$C$4=6,Config!$H$37,Config!$I$37) ) ) ) ) ) ), "⚠ OUT OF RANGE", "OK" ) ) ) -> OK
B14: 10 | D14: 10 | E14: -10 | F14: 5 | G14: 0.5038 | H14: 0.3173 | I14: 0.8034 | K14: =IF( I14="", "", IF( Config!$C$4<=2, IF( AND(G14=0,H14=0), 0, IF( H14>=0, DEGREES(ACOS(I14)), -DEGREES(ACOS(I14)) ) ), IF( Config!$C$4=3, IF( AND(G14=0,H14=0), 0, IF( G14>=0, DEGREES(ACOS(I14)), -DEGREES(ACOS(I14)) ) ), IF( Config!$C$4=4, IF( AND(G14=0,H14=0), 0, DEGREES(ATAN2(I14,G14)) ), IF( Config!$C$4=5, IF( AND(G14=0,H14=0), 0, DEGREES(ACOS(I14)) ), IF( Config!$C$4=6, IF( AND(G14=0,H14=0), 0, IF( G14>=0, DEGREES(ACOS(2*I14-1)), -DEGREES(ACOS(2*I14-1)) ) ), IF( AND(G14=0,H14=0), 0, IF( ((G14*Config!$C$16-H14*Config!$C$15))<=0, DEGREES( ACOS( MAX( -1, MIN( 1, (I14-Config!$C$20)/Config!$C$21 ) ) ) ), -DEGREES( ACOS( MAX( -1, MIN( 1, (I14-Config!$C$20)/Config!$C$21 ) ) ) ) ) ) ) ) ) ) ) ) -> 36.543984 | L14: =IF( I14="", "", IF( Config!$C$4<=2, IF( AND(G14=0,H14=0), 0, DEGREES(ATAN2(H14,G14)) ), IF( Config!$C$4=3, IF( AND(G14=0,H14=0), 0, DEGREES(ATAN2(G14,-H14)) ), IF( Config!$C$4=4, 0, IF( Config!$C$4=5, IF( AND(G14=0,H14=0), 0, DEGREES(ATAN2(H14,G14)) ), IF( Config!$C$4=6, IF( AND(G14=0,H14=0), 0, DEGREES(ATAN2(H14,G14)) ), 0 ) ) ) ) ) ) -> 57.796726 | N14: =IF(I14="","", IF(Config!$C$51=1, D14, IF(U14<=2, (D14 - V14)*COS(RADIANS(L14)) + (E14 - W14)*SIN(RADIANS(L14)) + V14, IF(U14=3, ((D14 - V14)*COS(RADIANS(L14)) + (E14 - W14)*SIN(RADIANS(L14)))*COS(RADIANS(K14)) + (F14 - X14)*SIN(RADIANS(K14)) + V14, IF(U14=4, (D14*COS(RADIANS(L14)) + E14*SIN(RADIANS(L14)) + V14) + Y14*SIN(RADIANS(K14)), IF(U14=5, D14 + Y14*SIN(RADIANS(K14))*COS(RADIANS(L14)), IF(U14=6, (D14*COS(RADIANS(L14)) + E14*SIN(RADIANS(L14)) + V14) + Y14*SIN(RADIANS(K14))*SIN(RADIANS(Config!$H$18)), COS(RADIANS(K14)) * (((D14 - V14)*COS(RADIANS(L14)) + (E14 - W14)*SIN(RADIANS(L14)))) + SIN(RADIANS(K14)) * ( Config!$C$16*(F14 - X14) - Config!$C$17*(-(D14 - V14)*SIN(RADIANS(L14)) + (E14 - W14)*COS(RADIANS(L14))) ) + (1 - COS(RADIANS(K14))) * ( ((D14 - V14)*COS(RADIANS(L14)) + (E14 - W14)*SIN(RADIANS(L14)))*Config!$C$15 + (-(D14 - V14)*SIN(RADIANS(L14)) + (E14 - W14)*COS(RADIANS(L14)))*Config!$C$16 + (F14 - X14)*Config!$C$17 ) * Config!$C$15 + V14 ) ) ) ) ) ) ) -> -3.1323808 | O14: =IF(I14="","", IF(Config!$C$51=1, E14, IF(U14 <= 2, (-(D14 - V14) * SIN(RADIANS(L14)) + (E14 - W14) * COS(RADIANS(L14))) * COS(RADIANS(K14)) + (F14 - X14) * SIN(RADIANS(K14)) + W14, IF(U14 = 3, (-(D14 - V14) * SIN(RADIANS(L14)) + (E14 - W14) * COS(RADIANS(L14))) + W14, IF(U14 = 4, -(D14) * SIN(RADIANS(L14)) + (E14) * COS(RADIANS(L14)) + W14, IF(U14 = 5, E14 + Y14 * SIN(RADIANS(K14)) * SIN(RADIANS(L14)), IF(U14 = 6, (-(D14) * SIN(RADIANS(L14)) + (E14) * COS(RADIANS(L14)) + W14) + Y14 * (1 - COS(RADIANS(K14))) * SIN(RADIANS(Config!$H$18)) * COS(RADIANS(Config!$H$18)), COS(RADIANS(K14)) * (-(D14 - V14) * SIN(RADIANS(L14)) + (E14 - W14) * COS(RADIANS(L14))) + SIN(RADIANS(K14)) * ( Config!$C$17 * ((D14 - V14) * COS(RADIANS(L14)) + (E14 - W14) * SIN(RADIANS(L14))) - Config!$C$15 * (F14 - X14) ) + (1 - COS(RADIANS(K14))) * ( ((D14 - V14) * COS(RADIANS(L14)) + (E14 - W14) * SIN(RADIANS(L14))) * Config!$C$15 + (-(D14 - V14) * SIN(RADIANS(L14)) + (E14 - W14) * COS(RADIANS(L14))) * Config!$C$16 + (F14 - X14) * Config!$C$17 ) * Config!$C$16 + W14 ) ) ) ) ) ) ) -> -8.1023892 | P14: =IF(I14="","", IF(Config!$C$51=1, F14, IF(U14 <= 2, -((-(D14 - V14) * SIN(RADIANS(L14)) + (E14 - W14) * COS(RADIANS(L14)))) * SIN(RADIANS(K14)) + (F14 - X14) * COS(RADIANS(K14)) + X14, IF(U14 = 3, -(((D14 - V14) * COS(RADIANS(L14)) + (E14 - W14) * SIN(RADIANS(L14)))) * SIN(RADIANS(K14)) + (F14 - X14) * COS(RADIANS(K14)) + X14, IF(U14 = 4, (F14 + X14) - Y14 * (1 - COS(RADIANS(K14))), IF(U14 = 5, F14 - Y14 * (1 - COS(RADIANS(K14))), IF(U14 = 6, (F14 + X14) - Y14 * SIN(RADIANS(Config!$H$18)) * SIN(RADIANS(Config!$H$18)) * (1 - COS(RADIANS(K14))), COS(RADIANS(K14)) * (F14 - X14) + SIN(RADIANS(K14)) * ( Config!$C$15 * (-(D14 - V14) * SIN(RADIANS(L14)) + (E14 - W14) * COS(RADIANS(L14))) - Config!$C$16 * ((D14 - V14) * COS(RADIANS(L14)) + (E14 - W14) * SIN(RADIANS(L14))) ) + (1 - COS(RADIANS(K14))) * ( ((D14 - V14) * COS(RADIANS(L14)) + (E14 - W14) * SIN(RADIANS(L14))) * Config!$C$15 + (-(D14 - V14) * SIN(RADIANS(L14)) + (E14 - W14) * COS(RADIANS(L14))) * Config!$C$16 + (F14 - X14) * Config!$C$17 ) * Config!$C$17 + X14 ) ) ) ) ) ) ) -> 12.228634 | R14: =IF(I14="","", IF(OR( K14 < IF(Config!$C$4=1,Config!$C$34, IF(Config!$C$4=2,Config!$D$34, IF(Config!$C$4=3,Config!$E$34, IF(Config!$C$4=4,Config!$F$34, IF(Config!$C$4=5,Config!$G$34, IF(Config!$C$4=6,Config!$H$34,Config!$I$34) ) ) ) ) ), K14 > IF(Config!$C$4=1,Config!$C$35, IF(Config!$C$4=2,Config!$D$35, IF(Config!$C$4=3,Config!$E$35, IF(Config!$C$4=4,Config!$F$35, IF(Config!$C$4=5,Config!$G$35, IF(Config!$C$4=6,Config!$H$35,Config!$I$35) ) ) ) ) ) ), "⚠ OUT OF RANGE", "OK" ) ) -> ⚠ OUT OF RANGE | S14: =IF(I14="","", IF(OR( L14 < IF(Config!$C$4=1,Config!$C$36, IF(Config!$C$4=2,Config!$D$36, IF(Config!$C$4=3,Config!$E$36, IF(Config!$C$4=4,Config!$F$36, IF(Config!$C$4=5,Config!$G$36, IF(Config!$C$4=6,Config!$H$36,Config!$I$36) ) ) ) ) ), L14 > IF(Config!$C$4=1,Config!$C$37, IF(Config!$C$4=2,Config!$D$37, IF(Config!$C$4=3,Config!$E$37, IF(Config!$C$4=4,Config!$F$37, IF(Config!$C$4=5,Config!$G$37, IF(Config!$C$4=6,Config!$H$37,Config!$I$37) ) ) ) ) ) ), "⚠ OUT OF RANGE", "OK" ) ) -> OK | U14: =Config!$C$4 -> 1 | V14: =IF(U14=1, Config!$C$27, IF(U14=2, Config!$D$27, IF(U14=3, Config!$E$27, IF(U14=4, Config!$F$27, IF(U14=5, Config!$G$27, IF(U14=6, Config!$H$27, Config!$I$27 ) ) ) ) ) ) -> 0 | W14: =IF(U14=1, Config!$C$28, IF(U14=2, Config!$D$28, IF(U14=3, Config!$E$28, IF(U14=4, Config!$F$28, IF(U14=5, Config!$G$28, IF(U14=6, Config!$H$28, Config!$I$28 ) ) ) ) ) ) -> 0 | X14: =IF(U14=1, Config!$C$29, IF(U14=2, Config!$D$29, IF(U14=3, Config!$E$29, IF(U14=4, Config!$F$29, IF(U14=5, Config!$G$29, IF(U14=6, Config!$H$29, Config!$I$29 ) ) ) ) ) ) -> 0 | Y14: =IF(U14=1, Config!$C$30, IF(U14=2, Config!$D$30, IF(U14=3, Config!$E$30, IF(U14=4, Config!$F$30, IF(U14=5, Config!$G$30, IF(U14=6, Config!$H$30, Config!$I$30 ) ) ) ) ) ) -> 0 | AA14: =IF(I14="","", IF(U14<=2, IF(AND(G14=0,H14=0), 0, -K14), IF(U14=3, IF(AND(G14=0,H14=0), 0, -K14), IF(U14=4, IF(K14>=0, 180-K14, -180-K14), IF(U14=5, "N/A", IF(U14=6, IF(AND(G14=0,H14=0), 0, -K14), "N/A" ) ) ) ) ) ) -> -36.543984 | AB14: =IF(I14="","", IF(U14<=2, IF(AND(G14=0,H14=0), 0, IF(L14<=0, L14+180, L14-180) ), IF(U14=3, IF(AND(G14=0,H14=0), 0, IF(L14<=0, L14+180, L14-180) ), IF(U14=4, L14, IF(U14=5, "N/A", IF(U14=6, IF(AND(G14=0,H14=0), 0, IF(L14<=0, L14+180, L14-180) ), "N/A" ) ) ) ) ) ) -> -122.20327 | AD14: =IF(I14="","", IF(Config!$C$51=1, D14, IF(U14<=2, (D14 - V14)*COS(RADIANS(AB14)) + (E14 - W14)*SIN(RADIANS(AB14)) + V14, IF(U14=3, ((D14 - V14)*COS(RADIANS(AB14)) + (E14 - W14)*SIN(RADIANS(AB14)))*COS(RADIANS(AA14)) + (F14 - X14)*SIN(RADIANS(AA14)) + V14, IF(U14=4, (D14*COS(RADIANS(AB14)) + E14*SIN(RADIANS(AB14)) + V14) + Y14*SIN(RADIANS(AA14)), IF(U14=5, D14 + Y14*SIN(RADIANS(AA14))*COS(RADIANS(AB14)), IF(U14=6, (D14*COS(RADIANS(AB14)) + E14*SIN(RADIANS(AB14)) + V14) + Y14*SIN(RADIANS(AA14))*SIN(RADIANS(Config!$H$18)), COS(RADIANS(AA14)) * (((D14 - V14)*COS(RADIANS(AB14)) + (E14 - W14)*SIN(RADIANS(AB14)))) + SIN(RADIANS(AA14)) * ( Config!$C$16*(F14 - X14) - Config!$C$17*(-(D14 - V14)*SIN(RADIANS(AB14)) + (E14 - W14)*COS(RADIANS(AB14))) ) + (1 - COS(RADIANS(AA14))) * ( ((D14 - V14)*COS(RADIANS(AB14)) + (E14 - W14)*SIN(RADIANS(AB14)))*Config!$C$15 + (-(D14 - V14)*SIN(RADIANS(AB14)) + (E14 - W14)*COS(RADIANS(AB14)))*Config!$C$16 + (F14 - X14)*Config!$C$17 ) * Config!$C$15 + V14 ) ) ) ) ) ) ) -> 3.1323808 | AE14: =IF(I14="","", IF(Config!$C$51=1, E14, IF(U14 <= 2, (-(D14 - V14) * SIN(RADIANS(AB14)) + (E14 - W14) * COS(RADIANS(AB14))) * COS(RADIANS(AA14)) + (F14 - X14) * SIN(RADIANS(AA14)) + W14, IF(U14 = 3, (-(D14 - V14) * SIN(RADIANS(AB14)) + (E14 - W14) * COS(RADIANS(AB14))) + W14, IF(U14 = 4, -(D14) * SIN(RADIANS(AB14)) + (E14) * COS(RADIANS(AB14)) + W14, IF(U14 = 5, E14 + Y14 * SIN(RADIANS(AA14)) * SIN(RADIANS(AB14)), IF(U14 = 6, (-(D14) * SIN(RADIANS(AB14)) + (E14) * COS(RADIANS(AB14)) + W14) + Y14 * (1 - COS(RADIANS(AA14))) * SIN(RADIANS(Config!$H$18)) * COS(RADIANS(Config!$H$18)), COS(RADIANS(AA14)) * (-(D14 - V14) * SIN(RADIANS(AB14)) + (E14 - W14) * COS(RADIANS(AB14))) + SIN(RADIANS(AA14)) * ( Config!$C$17 * ((D14 - V14) * COS(RADIANS(AB14)) + (E14 - W14) * SIN(RADIANS(AB14))) - Config!$C$15 * (F14 - X14) ) + (1 - COS(RADIANS(AA14))) * ( ((D14 - V14) * COS(RADIANS(AB14)) + (E14 - W14) * SIN(RADIANS(AB14))) * Config!$C$15 + (-(D14 - V14) * SIN(RADIANS(AB14)) + (E14 - W14) * COS(RADIANS(AB14))) * Config!$C$16 + (F14 - X14) * Config!$C$17 ) * Config!$C$16 + W14 ) ) ) ) ) ) ) -> 8.1023892 | AF14: =IF(I14="","", IF(Config!$C$51=1, F14, IF(U14 <= 2, -((-(D14 - V14) * SIN(RADIANS(AB14)) + (E14 - W14) * COS(RADIANS(AB14)))) * SIN(RADIANS(AA14)) + (F14 - X14) * COS(RADIANS(AA14)) + X14, IF(U14 = 3, -(((D14 - V14) * COS(RADIANS(AB14)) + (E14 - W14) * SIN(RADIANS(AB14)))) * SIN(RADIANS(AA14)) + (F14 - X14) * COS(RADIANS(AA14)) + X14, IF(U14 = 4, (F14 + X14) - Y14 * (1 - COS(RADIANS(AA14))), IF(U14 = 5, F14 - Y14 * (1 - COS(RADIANS(AA14))), IF(U14 = 6, (F14 + X14) - Y14 * SIN(RADIANS(Config!$H$18)) * SIN(RADIANS(Config!$H$18)) * (1 - COS(RADIANS(AA14))), COS(RADIANS(AA14)) * (F14 - X14) + SIN(RADIANS(AA14)) * ( Config!$C$15 * (-(D14 - V14) * SIN(RADIANS(AB14)) + (E14 - W14) * COS(RADIANS(AB14))) - Config!$C$16 * ((D14 - V14) * COS(RADIANS(AB14)) + (E14 - W14) * SIN(RADIANS(AB14))) ) + (1 - COS(RADIANS(AA14))) * ( ((D14 - V14) * COS(RADIANS(AB14)) + (E14 - W14) * SIN(RADIANS(AB14))) * Config!$C$15 + (-(D14 - V14) * SIN(RADIANS(AB14)) + (E14 - W14) * COS(RADIANS(AB14))) * Config!$C$16 + (F14 - X14) * Config!$C$17 ) * Config!$C$17 + X14 ) ) ) ) ) ) ) -> 12.228634 | AH14: =IF(I14="","", IF(OR(AA14="N/A", AA14=""), "N/A", IF(OR( AA14 < IF(Config!$C$4=1,Config!$C$34, IF(Config!$C$4=2,Config!$D$34, IF(Config!$C$4=3,Config!$E$34, IF(Config!$C$4=4,Config!$F$34, IF(Config!$C$4=5,Config!$G$34, IF(Config!$C$4=6,Config!$H$34,Config!$I$34) ) ) ) ) ), AA14 > IF(Config!$C$4=1,Config!$C$35, IF(Config!$C$4=2,Config!$D$35, IF(Config!$C$4=3,Config!$E$35, IF(Config!$C$4=4,Config!$F$35, IF(Config!$C$4=5,Config!$G$35, IF(Config!$C$4=6,Config!$H$35,Config!$I$35) ) ) ) ) ) ), "⚠ OUT OF RANGE", "OK" ) ) ) -> OK | AI14: =IF(I14="","", IF(OR(AB14="N/A", AB14=""), "N/A", IF(OR( AB14 < IF(Config!$C$4=1,Config!$C$36, IF(Config!$C$4=2,Config!$D$36, IF(Config!$C$4=3,Config!$E$36, IF(Config!$C$4=4,Config!$F$36, IF(Config!$C$4=5,Config!$G$36, IF(Config!$C$4=6,Config!$H$36,Config!$I$36) ) ) ) ) ), AB14 > IF(Config!$C$4=1,Config!$C$37, IF(Config!$C$4=2,Config!$D$37, IF(Config!$C$4=3,Config!$E$37, IF(Config!$C$4=4,Config!$F$37, IF(Config!$C$4=5,Config!$G$37, IF(Config!$C$4=6,Config!$H$37,Config!$I$37) ) ) ) ) ) ), "⚠ OUT OF RANGE", "OK" ) ) ) -> OK
B15: 11 | C15: 001_FRONT | D15: -86 | E15: -120.03 | F15: 22.3401 | G15: 0 | H15: -1 | I15: 0 | K15: =IF( I15="", "", IF( Config!$C$4<=2, IF( AND(G15=0,H15=0), 0, IF( H15>=0, DEGREES(ACOS(I15)), -DEGREES(ACOS(I15)) ) ), IF( Config!$C$4=3, IF( AND(G15=0,H15=0), 0, IF( G15>=0, DEGREES(ACOS(I15)), -DEGREES(ACOS(I15)) ) ), IF( Config!$C$4=4, IF( AND(G15=0,H15=0), 0, DEGREES(ATAN2(I15,G15)) ), IF( Config!$C$4=5, IF( AND(G15=0,H15=0), 0, DEGREES(ACOS(I15)) ), IF( Config!$C$4=6, IF( AND(G15=0,H15=0), 0, IF( G15>=0, DEGREES(ACOS(2*I15-1)), -DEGREES(ACOS(2*I15-1)) ) ), IF( AND(G15=0,H15=0), 0, IF( ((G15*Config!$C$16-H15*Config!$C$15))<=0, DEGREES( ACOS( MAX( -1, MIN( 1, (I15-Config!$C$20)/Config!$C$21 ) ) ) ), -DEGREES( ACOS( MAX( -1, MIN( 1, (I15-Config!$C$20)/Config!$C$21 ) ) ) ) ) ) ) ) ) ) ) ) -> -90 | L15: =IF( I15="", "", IF( Config!$C$4<=2, IF( AND(G15=0,H15=0), 0, DEGREES(ATAN2(H15,G15)) ), IF( Config!$C$4=3, IF( AND(G15=0,H15=0), 0, DEGREES(ATAN2(G15,-H15)) ), IF( Config!$C$4=4, 0, IF( Config!$C$4=5, IF( AND(G15=0,H15=0), 0, DEGREES(ATAN2(H15,G15)) ), IF( Config!$C$4=6, IF( AND(G15=0,H15=0), 0, DEGREES(ATAN2(H15,G15)) ), 0 ) ) ) ) ) ) -> 180 | N15: =IF(I15="","", IF(Config!$C$51=1, D15, IF(U15<=2, (D15 - V15)*COS(RADIANS(L15)) + (E15 - W15)*SIN(RADIANS(L15)) + V15, IF(U15=3, ((D15 - V15)*COS(RADIANS(L15)) + (E15 - W15)*SIN(RADIANS(L15)))*COS(RADIANS(K15)) + (F15 - X15)*SIN(RADIANS(K15)) + V15, IF(U15=4, (D15*COS(RADIANS(L15)) + E15*SIN(RADIANS(L15)) + V15) + Y15*SIN(RADIANS(K15)), IF(U15=5, D15 + Y15*SIN(RADIANS(K15))*COS(RADIANS(L15)), IF(U15=6, (D15*COS(RADIANS(L15)) + E15*SIN(RADIANS(L15)) + V15) + Y15*SIN(RADIANS(K15))*SIN(RADIANS(Config!$H$18)), COS(RADIANS(K15)) * (((D15 - V15)*COS(RADIANS(L15)) + (E15 - W15)*SIN(RADIANS(L15)))) + SIN(RADIANS(K15)) * ( Config!$C$16*(F15 - X15) - Config!$C$17*(-(D15 - V15)*SIN(RADIANS(L15)) + (E15 - W15)*COS(RADIANS(L15))) ) + (1 - COS(RADIANS(K15))) * ( ((D15 - V15)*COS(RADIANS(L15)) + (E15 - W15)*SIN(RADIANS(L15)))*Config!$C$15 + (-(D15 - V15)*SIN(RADIANS(L15)) + (E15 - W15)*COS(RADIANS(L15)))*Config!$C$16 + (F15 - X15)*Config!$C$17 ) * Config!$C$15 + V15 ) ) ) ) ) ) ) -> 86 | O15: =IF(I15="","", IF(Config!$C$51=1, E15, IF(U15 <= 2, (-(D15 - V15) * SIN(RADIANS(L15)) + (E15 - W15) * COS(RADIANS(L15))) * COS(RADIANS(K15)) + (F15 - X15) * SIN(RADIANS(K15)) + W15, IF(U15 = 3, (-(D15 - V15) * SIN(RADIANS(L15)) + (E15 - W15) * COS(RADIANS(L15))) + W15, IF(U15 = 4, -(D15) * SIN(RADIANS(L15)) + (E15) * COS(RADIANS(L15)) + W15, IF(U15 = 5, E15 + Y15 * SIN(RADIANS(K15)) * SIN(RADIANS(L15)), IF(U15 = 6, (-(D15) * SIN(RADIANS(L15)) + (E15) * COS(RADIANS(L15)) + W15) + Y15 * (1 - COS(RADIANS(K15))) * SIN(RADIANS(Config!$H$18)) * COS(RADIANS(Config!$H$18)), COS(RADIANS(K15)) * (-(D15 - V15) * SIN(RADIANS(L15)) + (E15 - W15) * COS(RADIANS(L15))) + SIN(RADIANS(K15)) * ( Config!$C$17 * ((D15 - V15) * COS(RADIANS(L15)) + (E15 - W15) * SIN(RADIANS(L15))) - Config!$C$15 * (F15 - X15) ) + (1 - COS(RADIANS(K15))) * ( ((D15 - V15) * COS(RADIANS(L15)) + (E15 - W15) * SIN(RADIANS(L15))) * Config!$C$15 + (-(D15 - V15) * SIN(RADIANS(L15)) + (E15 - W15) * COS(RADIANS(L15))) * Config!$C$16 + (F15 - X15) * Config!$C$17 ) * Config!$C$16 + W15 ) ) ) ) ) ) ) -> -22.3401 | P15: =IF(I15="","", IF(Config!$C$51=1, F15, IF(U15 <= 2, -((-(D15 - V15) * SIN(RADIANS(L15)) + (E15 - W15) * COS(RADIANS(L15)))) * SIN(RADIANS(K15)) + (F15 - X15) * COS(RADIANS(K15)) + X15, IF(U15 = 3, -(((D15 - V15) * COS(RADIANS(L15)) + (E15 - W15) * SIN(RADIANS(L15)))) * SIN(RADIANS(K15)) + (F15 - X15) * COS(RADIANS(K15)) + X15, IF(U15 = 4, (F15 + X15) - Y15 * (1 - COS(RADIANS(K15))), IF(U15 = 5, F15 - Y15 * (1 - COS(RADIANS(K15))), IF(U15 = 6, (F15 + X15) - Y15 * SIN(RADIANS(Config!$H$18)) * SIN(RADIANS(Config!$H$18)) * (1 - COS(RADIANS(K15))), COS(RADIANS(K15)) * (F15 - X15) + SIN(RADIANS(K15)) * ( Config!$C$15 * (-(D15 - V15) * SIN(RADIANS(L15)) + (E15 - W15) * COS(RADIANS(L15))) - Config!$C$16 * ((D15 - V15) * COS(RADIANS(L15)) + (E15 - W15) * SIN(RADIANS(L15))) ) + (1 - COS(RADIANS(K15))) * ( ((D15 - V15) * COS(RADIANS(L15)) + (E15 - W15) * SIN(RADIANS(L15))) * Config!$C$15 + (-(D15 - V15) * SIN(RADIANS(L15)) + (E15 - W15) * COS(RADIANS(L15))) * Config!$C$16 + (F15 - X15) * Config!$C$17 ) * Config!$C$17 + X15 ) ) ) ) ) ) ) -> 120.03 | R15: =IF(I15="","", IF(OR( K15 < IF(Config!$C$4=1,Config!$C$34, IF(Config!$C$4=2,Config!$D$34, IF(Config!$C$4=3,Config!$E$34, IF(Config!$C$4=4,Config!$F$34, IF(Config!$C$4=5,Config!$G$34, IF(Config!$C$4=6,Config!$H$34,Config!$I$34) ) ) ) ) ), K15 > IF(Config!$C$4=1,Config!$C$35, IF(Config!$C$4=2,Config!$D$35, IF(Config!$C$4=3,Config!$E$35, IF(Config!$C$4=4,Config!$F$35, IF(Config!$C$4=5,Config!$G$35, IF(Config!$C$4=6,Config!$H$35,Config!$I$35) ) ) ) ) ) ), "⚠ OUT OF RANGE", "OK" ) ) -> OK | S15: =IF(I15="","", IF(OR( L15 < IF(Config!$C$4=1,Config!$C$36, IF(Config!$C$4=2,Config!$D$36, IF(Config!$C$4=3,Config!$E$36, IF(Config!$C$4=4,Config!$F$36, IF(Config!$C$4=5,Config!$G$36, IF(Config!$C$4=6,Config!$H$36,Config!$I$36) ) ) ) ) ), L15 > IF(Config!$C$4=1,Config!$C$37, IF(Config!$C$4=2,Config!$D$37, IF(Config!$C$4=3,Config!$E$37, IF(Config!$C$4=4,Config!$F$37, IF(Config!$C$4=5,Config!$G$37, IF(Config!$C$4=6,Config!$H$37,Config!$I$37) ) ) ) ) ) ), "⚠ OUT OF RANGE", "OK" ) ) -> OK | U15: =Config!$C$4 -> 1 | V15: =IF(U15=1, Config!$C$27, IF(U15=2, Config!$D$27, IF(U15=3, Config!$E$27, IF(U15=4, Config!$F$27, IF(U15=5, Config!$G$27, IF(U15=6, Config!$H$27, Config!$I$27 ) ) ) ) ) ) -> 0 | W15: =IF(U15=1, Config!$C$28, IF(U15=2, Config!$D$28, IF(U15=3, Config!$E$28, IF(U15=4, Config!$F$28, IF(U15=5, Config!$G$28, IF(U15=6, Config!$H$28, Config!$I$28 ) ) ) ) ) ) -> 0 | X15: =IF(U15=1, Config!$C$29, IF(U15=2, Config!$D$29, IF(U15=3, Config!$E$29, IF(U15=4, Config!$F$29, IF(U15=5, Config!$G$29, IF(U15=6, Config!$H$29, Config!$I$29 ) ) ) ) ) ) -> 0 | Y15: =IF(U15=1, Config!$C$30, IF(U15=2, Config!$D$30, IF(U15=3, Config!$E$30, IF(U15=4, Config!$F$30, IF(U15=5, Config!$G$30, IF(U15=6, Config!$H$30, Config!$I$30 ) ) ) ) ) ) -> 0 | AA15: =IF(I15="","", IF(U15<=2, IF(AND(G15=0,H15=0), 0, -K15), IF(U15=3, IF(AND(G15=0,H15=0), 0, -K15), IF(U15=4, IF(K15>=0, 180-K15, -180-K15), IF(U15=5, "N/A", IF(U15=6, IF(AND(G15=0,H15=0), 0, -K15), "N/A" ) ) ) ) ) ) -> 90 | AB15: =IF(I15="","", IF(U15<=2, IF(AND(G15=0,H15=0), 0, IF(L15<=0, L15+180, L15-180) ), IF(U15=3, IF(AND(G15=0,H15=0), 0, IF(L15<=0, L15+180, L15-180) ), IF(U15=4, L15, IF(U15=5, "N/A", IF(U15=6, IF(AND(G15=0,H15=0), 0, IF(L15<=0, L15+180, L15-180) ), "N/A" ) ) ) ) ) ) -> 0 | AD15: =IF(I15="","", IF(Config!$C$51=1, D15, IF(U15<=2, (D15 - V15)*COS(RADIANS(AB15)) + (E15 - W15)*SIN(RADIANS(AB15)) + V15, IF(U15=3, ((D15 - V15)*COS(RADIANS(AB15)) + (E15 - W15)*SIN(RADIANS(AB15)))*COS(RADIANS(AA15)) + (F15 - X15)*SIN(RADIANS(AA15)) + V15, IF(U15=4, (D15*COS(RADIANS(AB15)) + E15*SIN(RADIANS(AB15)) + V15) + Y15*SIN(RADIANS(AA15)), IF(U15=5, D15 + Y15*SIN(RADIANS(AA15))*COS(RADIANS(AB15)), IF(U15=6, (D15*COS(RADIANS(AB15)) + E15*SIN(RADIANS(AB15)) + V15) + Y15*SIN(RADIANS(AA15))*SIN(RADIANS(Config!$H$18)), COS(RADIANS(AA15)) * (((D15 - V15)*COS(RADIANS(AB15)) + (E15 - W15)*SIN(RADIANS(AB15)))) + SIN(RADIANS(AA15)) * ( Config!$C$16*(F15 - X15) - Config!$C$17*(-(D15 - V15)*SIN(RADIANS(AB15)) + (E15 - W15)*COS(RADIANS(AB15))) ) + (1 - COS(RADIANS(AA15))) * ( ((D15 - V15)*COS(RADIANS(AB15)) + (E15 - W15)*SIN(RADIANS(AB15)))*Config!$C$15 + (-(D15 - V15)*SIN(RADIANS(AB15)) + (E15 - W15)*COS(RADIANS(AB15)))*Config!$C$16 + (F15 - X15)*Config!$C$17 ) * Config!$C$15 + V15 ) ) ) ) ) ) ) -> -86 | AE15: =IF(I15="","", IF(Config!$C$51=1, E15, IF(U15 <= 2, (-(D15 - V15) * SIN(RADIANS(AB15)) + (E15 - W15) * COS(RADIANS(AB15))) * COS(RADIANS(AA15)) + (F15 - X15) * SIN(RADIANS(AA15)) + W15, IF(U15 = 3, (-(D15 - V15) * SIN(RADIANS(AB15)) + (E15 - W15) * COS(RADIANS(AB15))) + W15, IF(U15 = 4, -(D15) * SIN(RADIANS(AB15)) + (E15) * COS(RADIANS(AB15)) + W15, IF(U15 = 5, E15 + Y15 * SIN(RADIANS(AA15)) * SIN(RADIANS(AB15)), IF(U15 = 6, (-(D15) * SIN(RADIANS(AB15)) + (E15) * COS(RADIANS(AB15)) + W15) + Y15 * (1 - COS(RADIANS(AA15))) * SIN(RADIANS(Config!$H$18)) * COS(RADIANS(Config!$H$18)), COS(RADIANS(AA15)) * (-(D15 - V15) * SIN(RADIANS(AB15)) + (E15 - W15) * COS(RADIANS(AB15))) + SIN(RADIANS(AA15)) * ( Config!$C$17 * ((D15 - V15) * COS(RADIANS(AB15)) + (E15 - W15) * SIN(RADIANS(AB15))) - Config!$C$15 * (F15 - X15) ) + (1 - COS(RADIANS(AA15))) * ( ((D15 - V15) * COS(RADIANS(AB15)) + (E15 - W15) * SIN(RADIANS(AB15))) * Config!$C$15 + (-(D15 - V15) * SIN(RADIANS(AB15)) + (E15 - W15) * COS(RADIANS(AB15))) * Config!$C$16 + (F15 - X15) * Config!$C$17 ) * Config!$C$16 + W15 ) ) ) ) ) ) ) -> 22.3401 | AF15: =IF(I15="","", IF(Config!$C$51=1, F15, IF(U15 <= 2, -((-(D15 - V15) * SIN(RADIANS(AB15)) + (E15 - W15) * COS(RADIANS(AB15)))) * SIN(RADIANS(AA15)) + (F15 - X15) * COS(RADIANS(AA15)) + X15, IF(U15 = 3, -(((D15 - V15) * COS(RADIANS(AB15)) + (E15 - W15) * SIN(RADIANS(AB15)))) * SIN(RADIANS(AA15)) + (F15 - X15) * COS(RADIANS(AA15)) + X15, IF(U15 = 4, (F15 + X15) - Y15 * (1 - COS(RADIANS(AA15))), IF(U15 = 5, F15 - Y15 * (1 - COS(RADIANS(AA15))), IF(U15 = 6, (F15 + X15) - Y15 * SIN(RADIANS(Config!$H$18)) * SIN(RADIANS(Config!$H$18)) * (1 - COS(RADIANS(AA15))), COS(RADIANS(AA15)) * (F15 - X15) + SIN(RADIANS(AA15)) * ( Config!$C$15 * (-(D15 - V15) * SIN(RADIANS(AB15)) + (E15 - W15) * COS(RADIANS(AB15))) - Config!$C$16 * ((D15 - V15) * COS(RADIANS(AB15)) + (E15 - W15) * SIN(RADIANS(AB15))) ) + (1 - COS(RADIANS(AA15))) * ( ((D15 - V15) * COS(RADIANS(AB15)) + (E15 - W15) * SIN(RADIANS(AB15))) * Config!$C$15 + (-(D15 - V15) * SIN(RADIANS(AB15)) + (E15 - W15) * COS(RADIANS(AB15))) * Config!$C$16 + (F15 - X15) * Config!$C$17 ) * Config!$C$17 + X15 ) ) ) ) ) ) ) -> 120.03 | AH15: =IF(I15="","", IF(OR(AA15="N/A", AA15=""), "N/A", IF(OR( AA15 < IF(Config!$C$4=1,Config!$C$34, IF(Config!$C$4=2,Config!$D$34, IF(Config!$C$4=3,Config!$E$34, IF(Config!$C$4=4,Config!$F$34, IF(Config!$C$4=5,Config!$G$34, IF(Config!$C$4=6,Config!$H$34,Config!$I$34) ) ) ) ) ), AA15 > IF(Config!$C$4=1,Config!$C$35, IF(Config!$C$4=2,Config!$D$35, IF(Config!$C$4=3,Config!$E$35, IF(Config!$C$4=4,Config!$F$35, IF(Config!$C$4=5,Config!$G$35, IF(Config!$C$4=6,Config!$H$35,Config!$I$35) ) ) ) ) ) ), "⚠ OUT OF RANGE", "OK" ) ) ) -> ⚠ OUT OF RANGE | AI15: =IF(I15="","", IF(OR(AB15="N/A", AB15=""), "N/A", IF(OR( AB15 < IF(Config!$C$4=1,Config!$C$36, IF(Config!$C$4=2,Config!$D$36, IF(Config!$C$4=3,Config!$E$36, IF(Config!$C$4=4,Config!$F$36, IF(Config!$C$4=5,Config!$G$36, IF(Config!$C$4=6,Config!$H$36,Config!$I$36) ) ) ) ) ), AB15 > IF(Config!$C$4=1,Config!$C$37, IF(Config!$C$4=2,Config!$D$37, IF(Config!$C$4=3,Config!$E$37, IF(Config!$C$4=4,Config!$F$37, IF(Config!$C$4=5,Config!$G$37, IF(Config!$C$4=6,Config!$H$37,Config!$I$37) ) ) ) ) ) ), "⚠ OUT OF RANGE", "OK" ) ) ) -> OK
B16: 12 | C16: 002_RIGHT | D16: 120.03 | E16: -86 | F16: 22.3401 | G16: 1 | H16: 0 | I16: 0 | K16: =IF( I16="", "", IF( Config!$C$4<=2, IF( AND(G16=0,H16=0), 0, IF( H16>=0, DEGREES(ACOS(I16)), -DEGREES(ACOS(I16)) ) ), IF( Config!$C$4=3, IF( AND(G16=0,H16=0), 0, IF( G16>=0, DEGREES(ACOS(I16)), -DEGREES(ACOS(I16)) ) ), IF( Config!$C$4=4, IF( AND(G16=0,H16=0), 0, DEGREES(ATAN2(I16,G16)) ), IF( Config!$C$4=5, IF( AND(G16=0,H16=0), 0, DEGREES(ACOS(I16)) ), IF( Config!$C$4=6, IF( AND(G16=0,H16=0), 0, IF( G16>=0, DEGREES(ACOS(2*I16-1)), -DEGREES(ACOS(2*I16-1)) ) ), IF( AND(G16=0,H16=0), 0, IF( ((G16*Config!$C$16-H16*Config!$C$15))<=0, DEGREES( ACOS( MAX( -1, MIN( 1, (I16-Config!$C$20)/Config!$C$21 ) ) ) ), -DEGREES( ACOS( MAX( -1, MIN( 1, (I16-Config!$C$20)/Config!$C$21 ) ) ) ) ) ) ) ) ) ) ) ) -> 90 | L16: =IF( I16="", "", IF( Config!$C$4<=2, IF( AND(G16=0,H16=0), 0, DEGREES(ATAN2(H16,G16)) ), IF( Config!$C$4=3, IF( AND(G16=0,H16=0), 0, DEGREES(ATAN2(G16,-H16)) ), IF( Config!$C$4=4, 0, IF( Config!$C$4=5, IF( AND(G16=0,H16=0), 0, DEGREES(ATAN2(H16,G16)) ), IF( Config!$C$4=6, IF( AND(G16=0,H16=0), 0, DEGREES(ATAN2(H16,G16)) ), 0 ) ) ) ) ) ) -> 90 | N16: =IF(I16="","", IF(Config!$C$51=1, D16, IF(U16<=2, (D16 - V16)*COS(RADIANS(L16)) + (E16 - W16)*SIN(RADIANS(L16)) + V16, IF(U16=3, ((D16 - V16)*COS(RADIANS(L16)) + (E16 - W16)*SIN(RADIANS(L16)))*COS(RADIANS(K16)) + (F16 - X16)*SIN(RADIANS(K16)) + V16, IF(U16=4, (D16*COS(RADIANS(L16)) + E16*SIN(RADIANS(L16)) + V16) + Y16*SIN(RADIANS(K16)), IF(U16=5, D16 + Y16*SIN(RADIANS(K16))*COS(RADIANS(L16)), IF(U16=6, (D16*COS(RADIANS(L16)) + E16*SIN(RADIANS(L16)) + V16) + Y16*SIN(RADIANS(K16))*SIN(RADIANS(Config!$H$18)), COS(RADIANS(K16)) * (((D16 - V16)*COS(RADIANS(L16)) + (E16 - W16)*SIN(RADIANS(L16)))) + SIN(RADIANS(K16)) * ( Config!$C$16*(F16 - X16) - Config!$C$17*(-(D16 - V16)*SIN(RADIANS(L16)) + (E16 - W16)*COS(RADIANS(L16))) ) + (1 - COS(RADIANS(K16))) * ( ((D16 - V16)*COS(RADIANS(L16)) + (E16 - W16)*SIN(RADIANS(L16)))*Config!$C$15 + (-(D16 - V16)*SIN(RADIANS(L16)) + (E16 - W16)*COS(RADIANS(L16)))*Config!$C$16 + (F16 - X16)*Config!$C$17 ) * Config!$C$15 + V16 ) ) ) ) ) ) ) -> -86 | O16: =IF(I16="","", IF(Config!$C$51=1, E16, IF(U16 <= 2, (-(D16 - V16) * SIN(RADIANS(L16)) + (E16 - W16) * COS(RADIANS(L16))) * COS(RADIANS(K16)) + (F16 - X16) * SIN(RADIANS(K16)) + W16, IF(U16 = 3, (-(D16 - V16) * SIN(RADIANS(L16)) + (E16 - W16) * COS(RADIANS(L16))) + W16, IF(U16 = 4, -(D16) * SIN(RADIANS(L16)) + (E16) * COS(RADIANS(L16)) + W16, IF(U16 = 5, E16 + Y16 * SIN(RADIANS(K16)) * SIN(RADIANS(L16)), IF(U16 = 6, (-(D16) * SIN(RADIANS(L16)) + (E16) * COS(RADIANS(L16)) + W16) + Y16 * (1 - COS(RADIANS(K16))) * SIN(RADIANS(Config!$H$18)) * COS(RADIANS(Config!$H$18)), COS(RADIANS(K16)) * (-(D16 - V16) * SIN(RADIANS(L16)) + (E16 - W16) * COS(RADIANS(L16))) + SIN(RADIANS(K16)) * ( Config!$C$17 * ((D16 - V16) * COS(RADIANS(L16)) + (E16 - W16) * SIN(RADIANS(L16))) - Config!$C$15 * (F16 - X16) ) + (1 - COS(RADIANS(K16))) * ( ((D16 - V16) * COS(RADIANS(L16)) + (E16 - W16) * SIN(RADIANS(L16))) * Config!$C$15 + (-(D16 - V16) * SIN(RADIANS(L16)) + (E16 - W16) * COS(RADIANS(L16))) * Config!$C$16 + (F16 - X16) * Config!$C$17 ) * Config!$C$16 + W16 ) ) ) ) ) ) ) -> 22.3401 | P16: =IF(I16="","", IF(Config!$C$51=1, F16, IF(U16 <= 2, -((-(D16 - V16) * SIN(RADIANS(L16)) + (E16 - W16) * COS(RADIANS(L16)))) * SIN(RADIANS(K16)) + (F16 - X16) * COS(RADIANS(K16)) + X16, IF(U16 = 3, -(((D16 - V16) * COS(RADIANS(L16)) + (E16 - W16) * SIN(RADIANS(L16)))) * SIN(RADIANS(K16)) + (F16 - X16) * COS(RADIANS(K16)) + X16, IF(U16 = 4, (F16 + X16) - Y16 * (1 - COS(RADIANS(K16))), IF(U16 = 5, F16 - Y16 * (1 - COS(RADIANS(K16))), IF(U16 = 6, (F16 + X16) - Y16 * SIN(RADIANS(Config!$H$18)) * SIN(RADIANS(Config!$H$18)) * (1 - COS(RADIANS(K16))), COS(RADIANS(K16)) * (F16 - X16) + SIN(RADIANS(K16)) * ( Config!$C$15 * (-(D16 - V16) * SIN(RADIANS(L16)) + (E16 - W16) * COS(RADIANS(L16))) - Config!$C$16 * ((D16 - V16) * COS(RADIANS(L16)) + (E16 - W16) * SIN(RADIANS(L16))) ) + (1 - COS(RADIANS(K16))) * ( ((D16 - V16) * COS(RADIANS(L16)) + (E16 - W16) * SIN(RADIANS(L16))) * Config!$C$15 + (-(D16 - V16) * SIN(RADIANS(L16)) + (E16 - W16) * COS(RADIANS(L16))) * Config!$C$16 + (F16 - X16) * Config!$C$17 ) * Config!$C$17 + X16 ) ) ) ) ) ) ) -> 120.03 | R16: =IF(I16="","", IF(OR( K16 < IF(Config!$C$4=1,Config!$C$34, IF(Config!$C$4=2,Config!$D$34, IF(Config!$C$4=3,Config!$E$34, IF(Config!$C$4=4,Config!$F$34, IF(Config!$C$4=5,Config!$G$34, IF(Config!$C$4=6,Config!$H$34,Config!$I$34) ) ) ) ) ), K16 > IF(Config!$C$4=1,Config!$C$35, IF(Config!$C$4=2,Config!$D$35, IF(Config!$C$4=3,Config!$E$35, IF(Config!$C$4=4,Config!$F$35, IF(Config!$C$4=5,Config!$G$35, IF(Config!$C$4=6,Config!$H$35,Config!$I$35) ) ) ) ) ) ), "⚠ OUT OF RANGE", "OK" ) ) -> ⚠ OUT OF RANGE | S16: =IF(I16="","", IF(OR( L16 < IF(Config!$C$4=1,Config!$C$36, IF(Config!$C$4=2,Config!$D$36, IF(Config!$C$4=3,Config!$E$36, IF(Config!$C$4=4,Config!$F$36, IF(Config!$C$4=5,Config!$G$36, IF(Config!$C$4=6,Config!$H$36,Config!$I$36) ) ) ) ) ), L16 > IF(Config!$C$4=1,Config!$C$37, IF(Config!$C$4=2,Config!$D$37, IF(Config!$C$4=3,Config!$E$37, IF(Config!$C$4=4,Config!$F$37, IF(Config!$C$4=5,Config!$G$37, IF(Config!$C$4=6,Config!$H$37,Config!$I$37) ) ) ) ) ) ), "⚠ OUT OF RANGE", "OK" ) ) -> OK | U16: =Config!$C$4 -> 1 | V16: =IF(U16=1, Config!$C$27, IF(U16=2, Config!$D$27, IF(U16=3, Config!$E$27, IF(U16=4, Config!$F$27, IF(U16=5, Config!$G$27, IF(U16=6, Config!$H$27, Config!$I$27 ) ) ) ) ) ) -> 0 | W16: =IF(U16=1, Config!$C$28, IF(U16=2, Config!$D$28, IF(U16=3, Config!$E$28, IF(U16=4, Config!$F$28, IF(U16=5, Config!$G$28, IF(U16=6, Config!$H$28, Config!$I$28 ) ) ) ) ) ) -> 0 | X16: =IF(U16=1, Config!$C$29, IF(U16=2, Config!$D$29, IF(U16=3, Config!$E$29, IF(U16=4, Config!$F$29, IF(U16=5, Config!$G$29, IF(U16=6, Config!$H$29, Config!$I$29 ) ) ) ) ) ) -> 0 | Y16: =IF(U16=1, Config!$C$30, IF(U16=2, Config!$D$30, IF(U16=3, Config!$E$30, IF(U16=4, Config!$F$30, IF(U16=5, Config!$G$30, IF(U16=6, Config!$H$30, Config!$I$30 ) ) ) ) ) ) -> 0 | AA16: =IF(I16="","", IF(U16<=2, IF(AND(G16=0,H16=0), 0, -K16), IF(U16=3, IF(AND(G16=0,H16=0), 0, -K16), IF(U16=4, IF(K16>=0, 180-K16, -180-K16), IF(U16=5, "N/A", IF(U16=6, IF(AND(G16=0,H16=0), 0, -K16), "N/A" ) ) ) ) ) ) -> -90 | AB16: =IF(I16="","", IF(U16<=2, IF(AND(G16=0,H16=0), 0, IF(L16<=0, L16+180, L16-180) ), IF(U16=3, IF(AND(G16=0,H16=0), 0, IF(L16<=0, L16+180, L16-180) ), IF(U16=4, L16, IF(U16=5, "N/A", IF(U16=6, IF(AND(G16=0,H16=0), 0, IF(L16<=0, L16+180, L16-180) ), "N/A" ) ) ) ) ) ) -> -90 | AD16: =IF(I16="","", IF(Config!$C$51=1, D16, IF(U16<=2, (D16 - V16)*COS(RADIANS(AB16)) + (E16 - W16)*SIN(RADIANS(AB16)) + V16, IF(U16=3, ((D16 - V16)*COS(RADIANS(AB16)) + (E16 - W16)*SIN(RADIANS(AB16)))*COS(RADIANS(AA16)) + (F16 - X16)*SIN(RADIANS(AA16)) + V16, IF(U16=4, (D16*COS(RADIANS(AB16)) + E16*SIN(RADIANS(AB16)) + V16) + Y16*SIN(RADIANS(AA16)), IF(U16=5, D16 + Y16*SIN(RADIANS(AA16))*COS(RADIANS(AB16)), IF(U16=6, (D16*COS(RADIANS(AB16)) + E16*SIN(RADIANS(AB16)) + V16) + Y16*SIN(RADIANS(AA16))*SIN(RADIANS(Config!$H$18)), COS(RADIANS(AA16)) * (((D16 - V16)*COS(RADIANS(AB16)) + (E16 - W16)*SIN(RADIANS(AB16)))) + SIN(RADIANS(AA16)) * ( Config!$C$16*(F16 - X16) - Config!$C$17*(-(D16 - V16)*SIN(RADIANS(AB16)) + (E16 - W16)*COS(RADIANS(AB16))) ) + (1 - COS(RADIANS(AA16))) * ( ((D16 - V16)*COS(RADIANS(AB16)) + (E16 - W16)*SIN(RADIANS(AB16)))*Config!$C$15 + (-(D16 - V16)*SIN(RADIANS(AB16)) + (E16 - W16)*COS(RADIANS(AB16)))*Config!$C$16 + (F16 - X16)*Config!$C$17 ) * Config!$C$15 + V16 ) ) ) ) ) ) ) -> 86 | AE16: =IF(I16="","", IF(Config!$C$51=1, E16, IF(U16 <= 2, (-(D16 - V16) * SIN(RADIANS(AB16)) + (E16 - W16) * COS(RADIANS(AB16))) * COS(RADIANS(AA16)) + (F16 - X16) * SIN(RADIANS(AA16)) + W16, IF(U16 = 3, (-(D16 - V16) * SIN(RADIANS(AB16)) + (E16 - W16) * COS(RADIANS(AB16))) + W16, IF(U16 = 4, -(D16) * SIN(RADIANS(AB16)) + (E16) * COS(RADIANS(AB16)) + W16, IF(U16 = 5, E16 + Y16 * SIN(RADIANS(AA16)) * SIN(RADIANS(AB16)), IF(U16 = 6, (-(D16) * SIN(RADIANS(AB16)) + (E16) * COS(RADIANS(AB16)) + W16) + Y16 * (1 - COS(RADIANS(AA16))) * SIN(RADIANS(Config!$H$18)) * COS(RADIANS(Config!$H$18)), COS(RADIANS(AA16)) * (-(D16 - V16) * SIN(RADIANS(AB16)) + (E16 - W16) * COS(RADIANS(AB16))) + SIN(RADIANS(AA16)) * ( Config!$C$17 * ((D16 - V16) * COS(RADIANS(AB16)) + (E16 - W16) * SIN(RADIANS(AB16))) - Config!$C$15 * (F16 - X16) ) + (1 - COS(RADIANS(AA16))) * ( ((D16 - V16) * COS(RADIANS(AB16)) + (E16 - W16) * SIN(RADIANS(AB16))) * Config!$C$15 + (-(D16 - V16) * SIN(RADIANS(AB16)) + (E16 - W16) * COS(RADIANS(AB16))) * Config!$C$16 + (F16 - X16) * Config!$C$17 ) * Config!$C$16 + W16 ) ) ) ) ) ) ) -> -22.3401 | AF16: =IF(I16="","", IF(Config!$C$51=1, F16, IF(U16 <= 2, -((-(D16 - V16) * SIN(RADIANS(AB16)) + (E16 - W16) * COS(RADIANS(AB16)))) * SIN(RADIANS(AA16)) + (F16 - X16) * COS(RADIANS(AA16)) + X16, IF(U16 = 3, -(((D16 - V16) * COS(RADIANS(AB16)) + (E16 - W16) * SIN(RADIANS(AB16)))) * SIN(RADIANS(AA16)) + (F16 - X16) * COS(RADIANS(AA16)) + X16, IF(U16 = 4, (F16 + X16) - Y16 * (1 - COS(RADIANS(AA16))), IF(U16 = 5, F16 - Y16 * (1 - COS(RADIANS(AA16))), IF(U16 = 6, (F16 + X16) - Y16 * SIN(RADIANS(Config!$H$18)) * SIN(RADIANS(Config!$H$18)) * (1 - COS(RADIANS(AA16))), COS(RADIANS(AA16)) * (F16 - X16) + SIN(RADIANS(AA16)) * ( Config!$C$15 * (-(D16 - V16) * SIN(RADIANS(AB16)) + (E16 - W16) * COS(RADIANS(AB16))) - Config!$C$16 * ((D16 - V16) * COS(RADIANS(AB16)) + (E16 - W16) * SIN(RADIANS(AB16))) ) + (1 - COS(RADIANS(AA16))) * ( ((D16 - V16) * COS(RADIANS(AB16)) + (E16 - W16) * SIN(RADIANS(AB16))) * Config!$C$15 + (-(D16 - V16) * SIN(RADIANS(AB16)) + (E16 - W16) * COS(RADIANS(AB16))) * Config!$C$16 + (F16 - X16) * Config!$C$17 ) * Config!$C$17 + X16 ) ) ) ) ) ) ) -> 120.03 | AH16: =IF(I16="","", IF(OR(AA16="N/A", AA16=""), "N/A", IF(OR( AA16 < IF(Config!$C$4=1,Config!$C$34, IF(Config!$C$4=2,Config!$D$34, IF(Config!$C$4=3,Config!$E$34, IF(Config!$C$4=4,Config!$F$34, IF(Config!$C$4=5,Config!$G$34, IF(Config!$C$4=6,Config!$H$34,Config!$I$34) ) ) ) ) ), AA16 > IF(Config!$C$4=1,Config!$C$35, IF(Config!$C$4=2,Config!$D$35, IF(Config!$C$4=3,Config!$E$35, IF(Config!$C$4=4,Config!$F$35, IF(Config!$C$4=5,Config!$G$35, IF(Config!$C$4=6,Config!$H$35,Config!$I$35) ) ) ) ) ) ), "⚠ OUT OF RANGE", "OK" ) ) ) -> OK | AI16: =IF(I16="","", IF(OR(AB16="N/A", AB16=""), "N/A", IF(OR( AB16 < IF(Config!$C$4=1,Config!$C$36, IF(Config!$C$4=2,Config!$D$36, IF(Config!$C$4=3,Config!$E$36, IF(Config!$C$4=4,Config!$F$36, IF(Config!$C$4=5,Config!$G$36, IF(Config!$C$4=6,Config!$H$36,Config!$I$36) ) ) ) ) ), AB16 > IF(Config!$C$4=1,Config!$C$37, IF(Config!$C$4=2,Config!$D$37, IF(Config!$C$4=3,Config!$E$37, IF(Config!$C$4=4,Config!$F$37, IF(Config!$C$4=5,Config!$G$37, IF(Config!$C$4=6,Config!$H$37,Config!$I$37) ) ) ) ) ) ), "⚠ OUT OF RANGE", "OK" ) ) ) -> OK
B17: 13 | C17: 003_BACK | D17: 86 | E17: 120.03 | F17: 22.3401 | G17: 0 | H17: 1 | I17: 0 | K17: =IF( I17="", "", IF( Config!$C$4<=2, IF( AND(G17=0,H17=0), 0, IF( H17>=0, DEGREES(ACOS(I17)), -DEGREES(ACOS(I17)) ) ), IF( Config!$C$4=3, IF( AND(G17=0,H17=0), 0, IF( G17>=0, DEGREES(ACOS(I17)), -DEGREES(ACOS(I17)) ) ), IF( Config!$C$4=4, IF( AND(G17=0,H17=0), 0, DEGREES(ATAN2(I17,G17)) ), IF( Config!$C$4=5, IF( AND(G17=0,H17=0), 0, DEGREES(ACOS(I17)) ), IF( Config!$C$4=6, IF( AND(G17=0,H17=0), 0, IF( G17>=0, DEGREES(ACOS(2*I17-1)), -DEGREES(ACOS(2*I17-1)) ) ), IF( AND(G17=0,H17=0), 0, IF( ((G17*Config!$C$16-H17*Config!$C$15))<=0, DEGREES( ACOS( MAX( -1, MIN( 1, (I17-Config!$C$20)/Config!$C$21 ) ) ) ), -DEGREES( ACOS( MAX( -1, MIN( 1, (I17-Config!$C$20)/Config!$C$21 ) ) ) ) ) ) ) ) ) ) ) ) -> 90 | L17: =IF( I17="", "", IF( Config!$C$4<=2, IF( AND(G17=0,H17=0), 0, DEGREES(ATAN2(H17,G17)) ), IF( Config!$C$4=3, IF( AND(G17=0,H17=0), 0, DEGREES(ATAN2(G17,-H17)) ), IF( Config!$C$4=4, 0, IF( Config!$C$4=5, IF( AND(G17=0,H17=0), 0, DEGREES(ATAN2(H17,G17)) ), IF( Config!$C$4=6, IF( AND(G17=0,H17=0), 0, DEGREES(ATAN2(H17,G17)) ), 0 ) ) ) ) ) ) -> 0 | N17: =IF(I17="","", IF(Config!$C$51=1, D17, IF(U17<=2, (D17 - V17)*COS(RADIANS(L17)) + (E17 - W17)*SIN(RADIANS(L17)) + V17, IF(U17=3, ((D17 - V17)*COS(RADIANS(L17)) + (E17 - W17)*SIN(RADIANS(L17)))*COS(RADIANS(K17)) + (F17 - X17)*SIN(RADIANS(K17)) + V17, IF(U17=4, (D17*COS(RADIANS(L17)) + E17*SIN(RADIANS(L17)) + V17) + Y17*SIN(RADIANS(K17)), IF(U17=5, D17 + Y17*SIN(RADIANS(K17))*COS(RADIANS(L17)), IF(U17=6, (D17*COS(RADIANS(L17)) + E17*SIN(RADIANS(L17)) + V17) + Y17*SIN(RADIANS(K17))*SIN(RADIANS(Config!$H$18)), COS(RADIANS(K17)) * (((D17 - V17)*COS(RADIANS(L17)) + (E17 - W17)*SIN(RADIANS(L17)))) + SIN(RADIANS(K17)) * ( Config!$C$16*(F17 - X17) - Config!$C$17*(-(D17 - V17)*SIN(RADIANS(L17)) + (E17 - W17)*COS(RADIANS(L17))) ) + (1 - COS(RADIANS(K17))) * ( ((D17 - V17)*COS(RADIANS(L17)) + (E17 - W17)*SIN(RADIANS(L17)))*Config!$C$15 + (-(D17 - V17)*SIN(RADIANS(L17)) + (E17 - W17)*COS(RADIANS(L17)))*Config!$C$16 + (F17 - X17)*Config!$C$17 ) * Config!$C$15 + V17 ) ) ) ) ) ) ) -> 86 | O17: =IF(I17="","", IF(Config!$C$51=1, E17, IF(U17 <= 2, (-(D17 - V17) * SIN(RADIANS(L17)) + (E17 - W17) * COS(RADIANS(L17))) * COS(RADIANS(K17)) + (F17 - X17) * SIN(RADIANS(K17)) + W17, IF(U17 = 3, (-(D17 - V17) * SIN(RADIANS(L17)) + (E17 - W17) * COS(RADIANS(L17))) + W17, IF(U17 = 4, -(D17) * SIN(RADIANS(L17)) + (E17) * COS(RADIANS(L17)) + W17, IF(U17 = 5, E17 + Y17 * SIN(RADIANS(K17)) * SIN(RADIANS(L17)), IF(U17 = 6, (-(D17) * SIN(RADIANS(L17)) + (E17) * COS(RADIANS(L17)) + W17) + Y17 * (1 - COS(RADIANS(K17))) * SIN(RADIANS(Config!$H$18)) * COS(RADIANS(Config!$H$18)), COS(RADIANS(K17)) * (-(D17 - V17) * SIN(RADIANS(L17)) + (E17 - W17) * COS(RADIANS(L17))) + SIN(RADIANS(K17)) * ( Config!$C$17 * ((D17 - V17) * COS(RADIANS(L17)) + (E17 - W17) * SIN(RADIANS(L17))) - Config!$C$15 * (F17 - X17) ) + (1 - COS(RADIANS(K17))) * ( ((D17 - V17) * COS(RADIANS(L17)) + (E17 - W17) * SIN(RADIANS(L17))) * Config!$C$15 + (-(D17 - V17) * SIN(RADIANS(L17)) + (E17 - W17) * COS(RADIANS(L17))) * Config!$C$16 + (F17 - X17) * Config!$C$17 ) * Config!$C$16 + W17 ) ) ) ) ) ) ) -> 22.3401 | P17: =IF(I17="","", IF(Config!$C$51=1, F17, IF(U17 <= 2, -((-(D17 - V17) * SIN(RADIANS(L17)) + (E17 - W17) * COS(RADIANS(L17)))) * SIN(RADIANS(K17)) + (F17 - X17) * COS(RADIANS(K17)) + X17, IF(U17 = 3, -(((D17 - V17) * COS(RADIANS(L17)) + (E17 - W17) * SIN(RADIANS(L17)))) * SIN(RADIANS(K17)) + (F17 - X17) * COS(RADIANS(K17)) + X17, IF(U17 = 4, (F17 + X17) - Y17 * (1 - COS(RADIANS(K17))), IF(U17 = 5, F17 - Y17 * (1 - COS(RADIANS(K17))), IF(U17 = 6, (F17 + X17) - Y17 * SIN(RADIANS(Config!$H$18)) * SIN(RADIANS(Config!$H$18)) * (1 - COS(RADIANS(K17))), COS(RADIANS(K17)) * (F17 - X17) + SIN(RADIANS(K17)) * ( Config!$C$15 * (-(D17 - V17) * SIN(RADIANS(L17)) + (E17 - W17) * COS(RADIANS(L17))) - Config!$C$16 * ((D17 - V17) * COS(RADIANS(L17)) + (E17 - W17) * SIN(RADIANS(L17))) ) + (1 - COS(RADIANS(K17))) * ( ((D17 - V17) * COS(RADIANS(L17)) + (E17 - W17) * SIN(RADIANS(L17))) * Config!$C$15 + (-(D17 - V17) * SIN(RADIANS(L17)) + (E17 - W17) * COS(RADIANS(L17))) * Config!$C$16 + (F17 - X17) * Config!$C$17 ) * Config!$C$17 + X17 ) ) ) ) ) ) ) -> -120.03 | R17: =IF(I17="","", IF(OR( K17 < IF(Config!$C$4=1,Config!$C$34, IF(Config!$C$4=2,Config!$D$34, IF(Config!$C$4=3,Config!$E$34, IF(Config!$C$4=4,Config!$F$34, IF(Config!$C$4=5,Config!$G$34, IF(Config!$C$4=6,Config!$H$34,Config!$I$34) ) ) ) ) ), K17 > IF(Config!$C$4=1,Config!$C$35, IF(Config!$C$4=2,Config!$D$35, IF(Config!$C$4=3,Config!$E$35, IF(Config!$C$4=4,Config!$F$35, IF(Config!$C$4=5,Config!$G$35, IF(Config!$C$4=6,Config!$H$35,Config!$I$35) ) ) ) ) ) ), "⚠ OUT OF RANGE", "OK" ) ) -> ⚠ OUT OF RANGE | S17: =IF(I17="","", IF(OR( L17 < IF(Config!$C$4=1,Config!$C$36, IF(Config!$C$4=2,Config!$D$36, IF(Config!$C$4=3,Config!$E$36, IF(Config!$C$4=4,Config!$F$36, IF(Config!$C$4=5,Config!$G$36, IF(Config!$C$4=6,Config!$H$36,Config!$I$36) ) ) ) ) ), L17 > IF(Config!$C$4=1,Config!$C$37, IF(Config!$C$4=2,Config!$D$37, IF(Config!$C$4=3,Config!$E$37, IF(Config!$C$4=4,Config!$F$37, IF(Config!$C$4=5,Config!$G$37, IF(Config!$C$4=6,Config!$H$37,Config!$I$37) ) ) ) ) ) ), "⚠ OUT OF RANGE", "OK" ) ) -> OK | U17: =Config!$C$4 -> 1 | V17: =IF(U17=1, Config!$C$27, IF(U17=2, Config!$D$27, IF(U17=3, Config!$E$27, IF(U17=4, Config!$F$27, IF(U17=5, Config!$G$27, IF(U17=6, Config!$H$27, Config!$I$27 ) ) ) ) ) ) -> 0 | W17: =IF(U17=1, Config!$C$28, IF(U17=2, Config!$D$28, IF(U17=3, Config!$E$28, IF(U17=4, Config!$F$28, IF(U17=5, Config!$G$28, IF(U17=6, Config!$H$28, Config!$I$28 ) ) ) ) ) ) -> 0 | X17: =IF(U17=1, Config!$C$29, IF(U17=2, Config!$D$29, IF(U17=3, Config!$E$29, IF(U17=4, Config!$F$29, IF(U17=5, Config!$G$29, IF(U17=6, Config!$H$29, Config!$I$29 ) ) ) ) ) ) -> 0 | Y17: =IF(U17=1, Config!$C$30, IF(U17=2, Config!$D$30, IF(U17=3, Config!$E$30, IF(U17=4, Config!$F$30, IF(U17=5, Config!$G$30, IF(U17=6, Config!$H$30, Config!$I$30 ) ) ) ) ) ) -> 0 | AA17: =IF(I17="","", IF(U17<=2, IF(AND(G17=0,H17=0), 0, -K17), IF(U17=3, IF(AND(G17=0,H17=0), 0, -K17), IF(U17=4, IF(K17>=0, 180-K17, -180-K17), IF(U17=5, "N/A", IF(U17=6, IF(AND(G17=0,H17=0), 0, -K17), "N/A" ) ) ) ) ) ) -> -90 | AB17: =IF(I17="","", IF(U17<=2, IF(AND(G17=0,H17=0), 0, IF(L17<=0, L17+180, L17-180) ), IF(U17=3, IF(AND(G17=0,H17=0), 0, IF(L17<=0, L17+180, L17-180) ), IF(U17=4, L17, IF(U17=5, "N/A", IF(U17=6, IF(AND(G17=0,H17=0), 0, IF(L17<=0, L17+180, L17-180) ), "N/A" ) ) ) ) ) ) -> 180 | AD17: =IF(I17="","", IF(Config!$C$51=1, D17, IF(U17<=2, (D17 - V17)*COS(RADIANS(AB17)) + (E17 - W17)*SIN(RADIANS(AB17)) + V17, IF(U17=3, ((D17 - V17)*COS(RADIANS(AB17)) + (E17 - W17)*SIN(RADIANS(AB17)))*COS(RADIANS(AA17)) + (F17 - X17)*SIN(RADIANS(AA17)) + V17, IF(U17=4, (D17*COS(RADIANS(AB17)) + E17*SIN(RADIANS(AB17)) + V17) + Y17*SIN(RADIANS(AA17)), IF(U17=5, D17 + Y17*SIN(RADIANS(AA17))*COS(RADIANS(AB17)), IF(U17=6, (D17*COS(RADIANS(AB17)) + E17*SIN(RADIANS(AB17)) + V17) + Y17*SIN(RADIANS(AA17))*SIN(RADIANS(Config!$H$18)), COS(RADIANS(AA17)) * (((D17 - V17)*COS(RADIANS(AB17)) + (E17 - W17)*SIN(RADIANS(AB17)))) + SIN(RADIANS(AA17)) * ( Config!$C$16*(F17 - X17) - Config!$C$17*(-(D17 - V17)*SIN(RADIANS(AB17)) + (E17 - W17)*COS(RADIANS(AB17))) ) + (1 - COS(RADIANS(AA17))) * ( ((D17 - V17)*COS(RADIANS(AB17)) + (E17 - W17)*SIN(RADIANS(AB17)))*Config!$C$15 + (-(D17 - V17)*SIN(RADIANS(AB17)) + (E17 - W17)*COS(RADIANS(AB17)))*Config!$C$16 + (F17 - X17)*Config!$C$17 ) * Config!$C$15 + V17 ) ) ) ) ) ) ) -> -86 | AE17: =IF(I17="","", IF(Config!$C$51=1, E17, IF(U17 <= 2, (-(D17 - V17) * SIN(RADIANS(AB17)) + (E17 - W17) * COS(RADIANS(AB17))) * COS(RADIANS(AA17)) + (F17 - X17) * SIN(RADIANS(AA17)) + W17, IF(U17 = 3, (-(D17 - V17) * SIN(RADIANS(AB17)) + (E17 - W17) * COS(RADIANS(AB17))) + W17, IF(U17 = 4, -(D17) * SIN(RADIANS(AB17)) + (E17) * COS(RADIANS(AB17)) + W17, IF(U17 = 5, E17 + Y17 * SIN(RADIANS(AA17)) * SIN(RADIANS(AB17)), IF(U17 = 6, (-(D17) * SIN(RADIANS(AB17)) + (E17) * COS(RADIANS(AB17)) + W17) + Y17 * (1 - COS(RADIANS(AA17))) * SIN(RADIANS(Config!$H$18)) * COS(RADIANS(Config!$H$18)), COS(RADIANS(AA17)) * (-(D17 - V17) * SIN(RADIANS(AB17)) + (E17 - W17) * COS(RADIANS(AB17))) + SIN(RADIANS(AA17)) * ( Config!$C$17 * ((D17 - V17) * COS(RADIANS(AB17)) + (E17 - W17) * SIN(RADIANS(AB17))) - Config!$C$15 * (F17 - X17) ) + (1 - COS(RADIANS(AA17))) * ( ((D17 - V17) * COS(RADIANS(AB17)) + (E17 - W17) * SIN(RADIANS(AB17))) * Config!$C$15 + (-(D17 - V17) * SIN(RADIANS(AB17)) + (E17 - W17) * COS(RADIANS(AB17))) * Config!$C$16 + (F17 - X17) * Config!$C$17 ) * Config!$C$16 + W17 ) ) ) ) ) ) ) -> -22.3401 | AF17: =IF(I17="","", IF(Config!$C$51=1, F17, IF(U17 <= 2, -((-(D17 - V17) * SIN(RADIANS(AB17)) + (E17 - W17) * COS(RADIANS(AB17)))) * SIN(RADIANS(AA17)) + (F17 - X17) * COS(RADIANS(AA17)) + X17, IF(U17 = 3, -(((D17 - V17) * COS(RADIANS(AB17)) + (E17 - W17) * SIN(RADIANS(AB17)))) * SIN(RADIANS(AA17)) + (F17 - X17) * COS(RADIANS(AA17)) + X17, IF(U17 = 4, (F17 + X17) - Y17 * (1 - COS(RADIANS(AA17))), IF(U17 = 5, F17 - Y17 * (1 - COS(RADIANS(AA17))), IF(U17 = 6, (F17 + X17) - Y17 * SIN(RADIANS(Config!$H$18)) * SIN(RADIANS(Config!$H$18)) * (1 - COS(RADIANS(AA17))), COS(RADIANS(AA17)) * (F17 - X17) + SIN(RADIANS(AA17)) * ( Config!$C$15 * (-(D17 - V17) * SIN(RADIANS(AB17)) + (E17 - W17) * COS(RADIANS(AB17))) - Config!$C$16 * ((D17 - V17) * COS(RADIANS(AB17)) + (E17 - W17) * SIN(RADIANS(AB17))) ) + (1 - COS(RADIANS(AA17))) * ( ((D17 - V17) * COS(RADIANS(AB17)) + (E17 - W17) * SIN(RADIANS(AB17))) * Config!$C$15 + (-(D17 - V17) * SIN(RADIANS(AB17)) + (E17 - W17) * COS(RADIANS(AB17))) * Config!$C$16 + (F17 - X17) * Config!$C$17 ) * Config!$C$17 + X17 ) ) ) ) ) ) ) -> -120.03 | AH17: =IF(I17="","", IF(OR(AA17="N/A", AA17=""), "N/A", IF(OR( AA17 < IF(Config!$C$4=1,Config!$C$34, IF(Config!$C$4=2,Config!$D$34, IF(Config!$C$4=3,Config!$E$34, IF(Config!$C$4=4,Config!$F$34, IF(Config!$C$4=5,Config!$G$34, IF(Config!$C$4=6,Config!$H$34,Config!$I$34) ) ) ) ) ), AA17 > IF(Config!$C$4=1,Config!$C$35, IF(Config!$C$4=2,Config!$D$35, IF(Config!$C$4=3,Config!$E$35, IF(Config!$C$4=4,Config!$F$35, IF(Config!$C$4=5,Config!$G$35, IF(Config!$C$4=6,Config!$H$35,Config!$I$35) ) ) ) ) ) ), "⚠ OUT OF RANGE", "OK" ) ) ) -> OK | AI17: =IF(I17="","", IF(OR(AB17="N/A", AB17=""), "N/A", IF(OR( AB17 < IF(Config!$C$4=1,Config!$C$36, IF(Config!$C$4=2,Config!$D$36, IF(Config!$C$4=3,Config!$E$36, IF(Config!$C$4=4,Config!$F$36, IF(Config!$C$4=5,Config!$G$36, IF(Config!$C$4=6,Config!$H$36,Config!$I$36) ) ) ) ) ), AB17 > IF(Config!$C$4=1,Config!$C$37, IF(Config!$C$4=2,Config!$D$37, IF(Config!$C$4=3,Config!$E$37, IF(Config!$C$4=4,Config!$F$37, IF(Config!$C$4=5,Config!$G$37, IF(Config!$C$4=6,Config!$H$37,Config!$I$37) ) ) ) ) ) ), "⚠ OUT OF RANGE", "OK" ) ) ) -> OK
B18: 14 | C18: 004_LEFT | D18: -120.03 | E18: 86 | F18: 22.3401 | G18: -1 | H18: 0 | I18: 0 | K18: =IF( I18="", "", IF( Config!$C$4<=2, IF( AND(G18=0,H18=0), 0, IF( H18>=0, DEGREES(ACOS(I18)), -DEGREES(ACOS(I18)) ) ), IF( Config!$C$4=3, IF( AND(G18=0,H18=0), 0, IF( G18>=0, DEGREES(ACOS(I18)), -DEGREES(ACOS(I18)) ) ), IF( Config!$C$4=4, IF( AND(G18=0,H18=0), 0, DEGREES(ATAN2(I18,G18)) ), IF( Config!$C$4=5, IF( AND(G18=0,H18=0), 0, DEGREES(ACOS(I18)) ), IF( Config!$C$4=6, IF( AND(G18=0,H18=0), 0, IF( G18>=0, DEGREES(ACOS(2*I18-1)), -DEGREES(ACOS(2*I18-1)) ) ), IF( AND(G18=0,H18=0), 0, IF( ((G18*Config!$C$16-H18*Config!$C$15))<=0, DEGREES( ACOS( MAX( -1, MIN( 1, (I18-Config!$C$20)/Config!$C$21 ) ) ) ), -DEGREES( ACOS( MAX( -1, MIN( 1, (I18-Config!$C$20)/Config!$C$21 ) ) ) ) ) ) ) ) ) ) ) ) -> 90 | L18: =IF( I18="", "", IF( Config!$C$4<=2, IF( AND(G18=0,H18=0), 0, DEGREES(ATAN2(H18,G18)) ), IF( Config!$C$4=3, IF( AND(G18=0,H18=0), 0, DEGREES(ATAN2(G18,-H18)) ), IF( Config!$C$4=4, 0, IF( Config!$C$4=5, IF( AND(G18=0,H18=0), 0, DEGREES(ATAN2(H18,G18)) ), IF( Config!$C$4=6, IF( AND(G18=0,H18=0), 0, DEGREES(ATAN2(H18,G18)) ), 0 ) ) ) ) ) ) -> -90 | N18: =IF(I18="","", IF(Config!$C$51=1, D18, IF(U18<=2, (D18 - V18)*COS(RADIANS(L18)) + (E18 - W18)*SIN(RADIANS(L18)) + V18, IF(U18=3, ((D18 - V18)*COS(RADIANS(L18)) + (E18 - W18)*SIN(RADIANS(L18)))*COS(RADIANS(K18)) + (F18 - X18)*SIN(RADIANS(K18)) + V18, IF(U18=4, (D18*COS(RADIANS(L18)) + E18*SIN(RADIANS(L18)) + V18) + Y18*SIN(RADIANS(K18)), IF(U18=5, D18 + Y18*SIN(RADIANS(K18))*COS(RADIANS(L18)), IF(U18=6, (D18*COS(RADIANS(L18)) + E18*SIN(RADIANS(L18)) + V18) + Y18*SIN(RADIANS(K18))*SIN(RADIANS(Config!$H$18)), COS(RADIANS(K18)) * (((D18 - V18)*COS(RADIANS(L18)) + (E18 - W18)*SIN(RADIANS(L18)))) + SIN(RADIANS(K18)) * ( Config!$C$16*(F18 - X18) - Config!$C$17*(-(D18 - V18)*SIN(RADIANS(L18)) + (E18 - W18)*COS(RADIANS(L18))) ) + (1 - COS(RADIANS(K18))) * ( ((D18 - V18)*COS(RADIANS(L18)) + (E18 - W18)*SIN(RADIANS(L18)))*Config!$C$15 + (-(D18 - V18)*SIN(RADIANS(L18)) + (E18 - W18)*COS(RADIANS(L18)))*Config!$C$16 + (F18 - X18)*Config!$C$17 ) * Config!$C$15 + V18 ) ) ) ) ) ) ) -> -86 | O18: =IF(I18="","", IF(Config!$C$51=1, E18, IF(U18 <= 2, (-(D18 - V18) * SIN(RADIANS(L18)) + (E18 - W18) * COS(RADIANS(L18))) * COS(RADIANS(K18)) + (F18 - X18) * SIN(RADIANS(K18)) + W18, IF(U18 = 3, (-(D18 - V18) * SIN(RADIANS(L18)) + (E18 - W18) * COS(RADIANS(L18))) + W18, IF(U18 = 4, -(D18) * SIN(RADIANS(L18)) + (E18) * COS(RADIANS(L18)) + W18, IF(U18 = 5, E18 + Y18 * SIN(RADIANS(K18)) * SIN(RADIANS(L18)), IF(U18 = 6, (-(D18) * SIN(RADIANS(L18)) + (E18) * COS(RADIANS(L18)) + W18) + Y18 * (1 - COS(RADIANS(K18))) * SIN(RADIANS(Config!$H$18)) * COS(RADIANS(Config!$H$18)), COS(RADIANS(K18)) * (-(D18 - V18) * SIN(RADIANS(L18)) + (E18 - W18) * COS(RADIANS(L18))) + SIN(RADIANS(K18)) * ( Config!$C$17 * ((D18 - V18) * COS(RADIANS(L18)) + (E18 - W18) * SIN(RADIANS(L18))) - Config!$C$15 * (F18 - X18) ) + (1 - COS(RADIANS(K18))) * ( ((D18 - V18) * COS(RADIANS(L18)) + (E18 - W18) * SIN(RADIANS(L18))) * Config!$C$15 + (-(D18 - V18) * SIN(RADIANS(L18)) + (E18 - W18) * COS(RADIANS(L18))) * Config!$C$16 + (F18 - X18) * Config!$C$17 ) * Config!$C$16 + W18 ) ) ) ) ) ) ) -> 22.3401 | P18: =IF(I18="","", IF(Config!$C$51=1, F18, IF(U18 <= 2, -((-(D18 - V18) * SIN(RADIANS(L18)) + (E18 - W18) * COS(RADIANS(L18)))) * SIN(RADIANS(K18)) + (F18 - X18) * COS(RADIANS(K18)) + X18, IF(U18 = 3, -(((D18 - V18) * COS(RADIANS(L18)) + (E18 - W18) * SIN(RADIANS(L18)))) * SIN(RADIANS(K18)) + (F18 - X18) * COS(RADIANS(K18)) + X18, IF(U18 = 4, (F18 + X18) - Y18 * (1 - COS(RADIANS(K18))), IF(U18 = 5, F18 - Y18 * (1 - COS(RADIANS(K18))), IF(U18 = 6, (F18 + X18) - Y18 * SIN(RADIANS(Config!$H$18)) * SIN(RADIANS(Config!$H$18)) * (1 - COS(RADIANS(K18))), COS(RADIANS(K18)) * (F18 - X18) + SIN(RADIANS(K18)) * ( Config!$C$15 * (-(D18 - V18) * SIN(RADIANS(L18)) + (E18 - W18) * COS(RADIANS(L18))) - Config!$C$16 * ((D18 - V18) * COS(RADIANS(L18)) + (E18 - W18) * SIN(RADIANS(L18))) ) + (1 - COS(RADIANS(K18))) * ( ((D18 - V18) * COS(RADIANS(L18)) + (E18 - W18) * SIN(RADIANS(L18))) * Config!$C$15 + (-(D18 - V18) * SIN(RADIANS(L18)) + (E18 - W18) * COS(RADIANS(L18))) * Config!$C$16 + (F18 - X18) * Config!$C$17 ) * Config!$C$17 + X18 ) ) ) ) ) ) ) -> 120.03 | R18: =IF(I18="","", IF(OR( K18 < IF(Config!$C$4=1,Config!$C$34, IF(Config!$C$4=2,Config!$D$34, IF(Config!$C$4=3,Config!$E$34, IF(Config!$C$4=4,Config!$F$34, IF(Config!$C$4=5,Config!$G$34, IF(Config!$C$4=6,Config!$H$34,Config!$I$34) ) ) ) ) ), K18 > IF(Config!$C$4=1,Config!$C$35, IF(Config!$C$4=2,Config!$D$35, IF(Config!$C$4=3,Config!$E$35, IF(Config!$C$4=4,Config!$F$35, IF(Config!$C$4=5,Config!$G$35, IF(Config!$C$4=6,Config!$H$35,Config!$I$35) ) ) ) ) ) ), "⚠ OUT OF RANGE", "OK" ) ) -> ⚠ OUT OF RANGE | S18: =IF(I18="","", IF(OR( L18 < IF(Config!$C$4=1,Config!$C$36, IF(Config!$C$4=2,Config!$D$36, IF(Config!$C$4=3,Config!$E$36, IF(Config!$C$4=4,Config!$F$36, IF(Config!$C$4=5,Config!$G$36, IF(Config!$C$4=6,Config!$H$36,Config!$I$36) ) ) ) ) ), L18 > IF(Config!$C$4=1,Config!$C$37, IF(Config!$C$4=2,Config!$D$37, IF(Config!$C$4=3,Config!$E$37, IF(Config!$C$4=4,Config!$F$37, IF(Config!$C$4=5,Config!$G$37, IF(Config!$C$4=6,Config!$H$37,Config!$I$37) ) ) ) ) ) ), "⚠ OUT OF RANGE", "OK" ) ) -> OK | U18: =Config!$C$4 -> 1 | V18: =IF(U18=1, Config!$C$27, IF(U18=2, Config!$D$27, IF(U18=3, Config!$E$27, IF(U18=4, Config!$F$27, IF(U18=5, Config!$G$27, IF(U18=6, Config!$H$27, Config!$I$27 ) ) ) ) ) ) -> 0 | W18: =IF(U18=1, Config!$C$28, IF(U18=2, Config!$D$28, IF(U18=3, Config!$E$28, IF(U18=4, Config!$F$28, IF(U18=5, Config!$G$28, IF(U18=6, Config!$H$28, Config!$I$28 ) ) ) ) ) ) -> 0 | X18: =IF(U18=1, Config!$C$29, IF(U18=2, Config!$D$29, IF(U18=3, Config!$E$29, IF(U18=4, Config!$F$29, IF(U18=5, Config!$G$29, IF(U18=6, Config!$H$29, Config!$I$29 ) ) ) ) ) ) -> 0 | Y18: =IF(U18=1, Config!$C$30, IF(U18=2, Config!$D$30, IF(U18=3, Config!$E$30, IF(U18=4, Config!$F$30, IF(U18=5, Config!$G$30, IF(U18=6, Config!$H$30, Config!$I$30 ) ) ) ) ) ) -> 0 | AA18: =IF(I18="","", IF(U18<=2, IF(AND(G18=0,H18=0), 0, -K18), IF(U18=3, IF(AND(G18=0,H18=0), 0, -K18), IF(U18=4, IF(K18>=0, 180-K18, -180-K18), IF(U18=5, "N/A", IF(U18=6, IF(AND(G18=0,H18=0), 0, -K18), "N/A" ) ) ) ) ) ) -> -90 | AB18: =IF(I18="","", IF(U18<=2, IF(AND(G18=0,H18=0), 0, IF(L18<=0, L18+180, L18-180) ), IF(U18=3, IF(AND(G18=0,H18=0), 0, IF(L18<=0, L18+180, L18-180) ), IF(U18=4, L18, IF(U18=5, "N/A", IF(U18=6, IF(AND(G18=0,H18=0), 0, IF(L18<=0, L18+180, L18-180) ), "N/A" ) ) ) ) ) ) -> 90 | AD18: =IF(I18="","", IF(Config!$C$51=1, D18, IF(U18<=2, (D18 - V18)*COS(RADIANS(AB18)) + (E18 - W18)*SIN(RADIANS(AB18)) + V18, IF(U18=3, ((D18 - V18)*COS(RADIANS(AB18)) + (E18 - W18)*SIN(RADIANS(AB18)))*COS(RADIANS(AA18)) + (F18 - X18)*SIN(RADIANS(AA18)) + V18, IF(U18=4, (D18*COS(RADIANS(AB18)) + E18*SIN(RADIANS(AB18)) + V18) + Y18*SIN(RADIANS(AA18)), IF(U18=5, D18 + Y18*SIN(RADIANS(AA18))*COS(RADIANS(AB18)), IF(U18=6, (D18*COS(RADIANS(AB18)) + E18*SIN(RADIANS(AB18)) + V18) + Y18*SIN(RADIANS(AA18))*SIN(RADIANS(Config!$H$18)), COS(RADIANS(AA18)) * (((D18 - V18)*COS(RADIANS(AB18)) + (E18 - W18)*SIN(RADIANS(AB18)))) + SIN(RADIANS(AA18)) * ( Config!$C$16*(F18 - X18) - Config!$C$17*(-(D18 - V18)*SIN(RADIANS(AB18)) + (E18 - W18)*COS(RADIANS(AB18))) ) + (1 - COS(RADIANS(AA18))) * ( ((D18 - V18)*COS(RADIANS(AB18)) + (E18 - W18)*SIN(RADIANS(AB18)))*Config!$C$15 + (-(D18 - V18)*SIN(RADIANS(AB18)) + (E18 - W18)*COS(RADIANS(AB18)))*Config!$C$16 + (F18 - X18)*Config!$C$17 ) * Config!$C$15 + V18 ) ) ) ) ) ) ) -> 86 | AE18: =IF(I18="","", IF(Config!$C$51=1, E18, IF(U18 <= 2, (-(D18 - V18) * SIN(RADIANS(AB18)) + (E18 - W18) * COS(RADIANS(AB18))) * COS(RADIANS(AA18)) + (F18 - X18) * SIN(RADIANS(AA18)) + W18, IF(U18 = 3, (-(D18 - V18) * SIN(RADIANS(AB18)) + (E18 - W18) * COS(RADIANS(AB18))) + W18, IF(U18 = 4, -(D18) * SIN(RADIANS(AB18)) + (E18) * COS(RADIANS(AB18)) + W18, IF(U18 = 5, E18 + Y18 * SIN(RADIANS(AA18)) * SIN(RADIANS(AB18)), IF(U18 = 6, (-(D18) * SIN(RADIANS(AB18)) + (E18) * COS(RADIANS(AB18)) + W18) + Y18 * (1 - COS(RADIANS(AA18))) * SIN(RADIANS(Config!$H$18)) * COS(RADIANS(Config!$H$18)), COS(RADIANS(AA18)) * (-(D18 - V18) * SIN(RADIANS(AB18)) + (E18 - W18) * COS(RADIANS(AB18))) + SIN(RADIANS(AA18)) * ( Config!$C$17 * ((D18 - V18) * COS(RADIANS(AB18)) + (E18 - W18) * SIN(RADIANS(AB18))) - Config!$C$15 * (F18 - X18) ) + (1 - COS(RADIANS(AA18))) * ( ((D18 - V18) * COS(RADIANS(AB18)) + (E18 - W18) * SIN(RADIANS(AB18))) * Config!$C$15 + (-(D18 - V18) * SIN(RADIANS(AB18)) + (E18 - W18) * COS(RADIANS(AB18))) * Config!$C$16 + (F18 - X18) * Config!$C$17 ) * Config!$C$16 + W18 ) ) ) ) ) ) ) -> -22.3401 | AF18: =IF(I18="","", IF(Config!$C$51=1, F18, IF(U18 <= 2, -((-(D18 - V18) * SIN(RADIANS(AB18)) + (E18 - W18) * COS(RADIANS(AB18)))) * SIN(RADIANS(AA18)) + (F18 - X18) * COS(RADIANS(AA18)) + X18, IF(U18 = 3, -(((D18 - V18) * COS(RADIANS(AB18)) + (E18 - W18) * SIN(RADIANS(AB18)))) * SIN(RADIANS(AA18)) + (F18 - X18) * COS(RADIANS(AA18)) + X18, IF(U18 = 4, (F18 + X18) - Y18 * (1 - COS(RADIANS(AA18))), IF(U18 = 5, F18 - Y18 * (1 - COS(RADIANS(AA18))), IF(U18 = 6, (F18 + X18) - Y18 * SIN(RADIANS(Config!$H$18)) * SIN(RADIANS(Config!$H$18)) * (1 - COS(RADIANS(AA18))), COS(RADIANS(AA18)) * (F18 - X18) + SIN(RADIANS(AA18)) * ( Config!$C$15 * (-(D18 - V18) * SIN(RADIANS(AB18)) + (E18 - W18) * COS(RADIANS(AB18))) - Config!$C$16 * ((D18 - V18) * COS(RADIANS(AB18)) + (E18 - W18) * SIN(RADIANS(AB18))) ) + (1 - COS(RADIANS(AA18))) * ( ((D18 - V18) * COS(RADIANS(AB18)) + (E18 - W18) * SIN(RADIANS(AB18))) * Config!$C$15 + (-(D18 - V18) * SIN(RADIANS(AB18)) + (E18 - W18) * COS(RADIANS(AB18))) * Config!$C$16 + (F18 - X18) * Config!$C$17 ) * Config!$C$17 + X18 ) ) ) ) ) ) ) -> 120.03 | AH18: =IF(I18="","", IF(OR(AA18="N/A", AA18=""), "N/A", IF(OR( AA18 < IF(Config!$C$4=1,Config!$C$34, IF(Config!$C$4=2,Config!$D$34, IF(Config!$C$4=3,Config!$E$34, IF(Config!$C$4=4,Config!$F$34, IF(Config!$C$4=5,Config!$G$34, IF(Config!$C$4=6,Config!$H$34,Config!$I$34) ) ) ) ) ), AA18 > IF(Config!$C$4=1,Config!$C$35, IF(Config!$C$4=2,Config!$D$35, IF(Config!$C$4=3,Config!$E$35, IF(Config!$C$4=4,Config!$F$35, IF(Config!$C$4=5,Config!$G$35, IF(Config!$C$4=6,Config!$H$35,Config!$I$35) ) ) ) ) ) ), "⚠ OUT OF RANGE", "OK" ) ) ) -> OK | AI18: =IF(I18="","", IF(OR(AB18="N/A", AB18=""), "N/A", IF(OR( AB18 < IF(Config!$C$4=1,Config!$C$36, IF(Config!$C$4=2,Config!$D$36, IF(Config!$C$4=3,Config!$E$36, IF(Config!$C$4=4,Config!$F$36, IF(Config!$C$4=5,Config!$G$36, IF(Config!$C$4=6,Config!$H$36,Config!$I$36) ) ) ) ) ), AB18 > IF(Config!$C$4=1,Config!$C$37, IF(Config!$C$4=2,Config!$D$37, IF(Config!$C$4=3,Config!$E$37, IF(Config!$C$4=4,Config!$F$37, IF(Config!$C$4=5,Config!$G$37, IF(Config!$C$4=6,Config!$H$37,Config!$I$37) ) ) ) ) ) ), "⚠ OUT OF RANGE", "OK" ) ) ) -> OK
B19: 15 | C19: 005_FRONT_TOP | D19: -59.5425 | E19: -85.2897 | F19: 79.3123 | G19: 0 | H19: -0.5 | I19: 0.8660254 | K19: =IF( I19="", "", IF( Config!$C$4<=2, IF( AND(G19=0,H19=0), 0, IF( H19>=0, DEGREES(ACOS(I19)), -DEGREES(ACOS(I19)) ) ), IF( Config!$C$4=3, IF( AND(G19=0,H19=0), 0, IF( G19>=0, DEGREES(ACOS(I19)), -DEGREES(ACOS(I19)) ) ), IF( Config!$C$4=4, IF( AND(G19=0,H19=0), 0, DEGREES(ATAN2(I19,G19)) ), IF( Config!$C$4=5, IF( AND(G19=0,H19=0), 0, DEGREES(ACOS(I19)) ), IF( Config!$C$4=6, IF( AND(G19=0,H19=0), 0, IF( G19>=0, DEGREES(ACOS(2*I19-1)), -DEGREES(ACOS(2*I19-1)) ) ), IF( AND(G19=0,H19=0), 0, IF( ((G19*Config!$C$16-H19*Config!$C$15))<=0, DEGREES( ACOS( MAX( -1, MIN( 1, (I19-Config!$C$20)/Config!$C$21 ) ) ) ), -DEGREES( ACOS( MAX( -1, MIN( 1, (I19-Config!$C$20)/Config!$C$21 ) ) ) ) ) ) ) ) ) ) ) ) -> -30 | L19: =IF( I19="", "", IF( Config!$C$4<=2, IF( AND(G19=0,H19=0), 0, DEGREES(ATAN2(H19,G19)) ), IF( Config!$C$4=3, IF( AND(G19=0,H19=0), 0, DEGREES(ATAN2(G19,-H19)) ), IF( Config!$C$4=4, 0, IF( Config!$C$4=5, IF( AND(G19=0,H19=0), 0, DEGREES(ATAN2(H19,G19)) ), IF( Config!$C$4=6, IF( AND(G19=0,H19=0), 0, DEGREES(ATAN2(H19,G19)) ), 0 ) ) ) ) ) ) -> 180 | N19: =IF(I19="","", IF(Config!$C$51=1, D19, IF(U19<=2, (D19 - V19)*COS(RADIANS(L19)) + (E19 - W19)*SIN(RADIANS(L19)) + V19, IF(U19=3, ((D19 - V19)*COS(RADIANS(L19)) + (E19 - W19)*SIN(RADIANS(L19)))*COS(RADIANS(K19)) + (F19 - X19)*SIN(RADIANS(K19)) + V19, IF(U19=4, (D19*COS(RADIANS(L19)) + E19*SIN(RADIANS(L19)) + V19) + Y19*SIN(RADIANS(K19)), IF(U19=5, D19 + Y19*SIN(RADIANS(K19))*COS(RADIANS(L19)), IF(U19=6, (D19*COS(RADIANS(L19)) + E19*SIN(RADIANS(L19)) + V19) + Y19*SIN(RADIANS(K19))*SIN(RADIANS(Config!$H$18)), COS(RADIANS(K19)) * (((D19 - V19)*COS(RADIANS(L19)) + (E19 - W19)*SIN(RADIANS(L19)))) + SIN(RADIANS(K19)) * ( Config!$C$16*(F19 - X19) - Config!$C$17*(-(D19 - V19)*SIN(RADIANS(L19)) + (E19 - W19)*COS(RADIANS(L19))) ) + (1 - COS(RADIANS(K19))) * ( ((D19 - V19)*COS(RADIANS(L19)) + (E19 - W19)*SIN(RADIANS(L19)))*Config!$C$15 + (-(D19 - V19)*SIN(RADIANS(L19)) + (E19 - W19)*COS(RADIANS(L19)))*Config!$C$16 + (F19 - X19)*Config!$C$17 ) * Config!$C$15 + V19 ) ) ) ) ) ) ) -> 59.5425 | O19: =IF(I19="","", IF(Config!$C$51=1, E19, IF(U19 <= 2, (-(D19 - V19) * SIN(RADIANS(L19)) + (E19 - W19) * COS(RADIANS(L19))) * COS(RADIANS(K19)) + (F19 - X19) * SIN(RADIANS(K19)) + W19, IF(U19 = 3, (-(D19 - V19) * SIN(RADIANS(L19)) + (E19 - W19) * COS(RADIANS(L19))) + W19, IF(U19 = 4, -(D19) * SIN(RADIANS(L19)) + (E19) * COS(RADIANS(L19)) + W19, IF(U19 = 5, E19 + Y19 * SIN(RADIANS(K19)) * SIN(RADIANS(L19)), IF(U19 = 6, (-(D19) * SIN(RADIANS(L19)) + (E19) * COS(RADIANS(L19)) + W19) + Y19 * (1 - COS(RADIANS(K19))) * SIN(RADIANS(Config!$H$18)) * COS(RADIANS(Config!$H$18)), COS(RADIANS(K19)) * (-(D19 - V19) * SIN(RADIANS(L19)) + (E19 - W19) * COS(RADIANS(L19))) + SIN(RADIANS(K19)) * ( Config!$C$17 * ((D19 - V19) * COS(RADIANS(L19)) + (E19 - W19) * SIN(RADIANS(L19))) - Config!$C$15 * (F19 - X19) ) + (1 - COS(RADIANS(K19))) * ( ((D19 - V19) * COS(RADIANS(L19)) + (E19 - W19) * SIN(RADIANS(L19))) * Config!$C$15 + (-(D19 - V19) * SIN(RADIANS(L19)) + (E19 - W19) * COS(RADIANS(L19))) * Config!$C$16 + (F19 - X19) * Config!$C$17 ) * Config!$C$16 + W19 ) ) ) ) ) ) ) -> 34.206896 | P19: =IF(I19="","", IF(Config!$C$51=1, F19, IF(U19 <= 2, -((-(D19 - V19) * SIN(RADIANS(L19)) + (E19 - W19) * COS(RADIANS(L19)))) * SIN(RADIANS(K19)) + (F19 - X19) * COS(RADIANS(K19)) + X19, IF(U19 = 3, -(((D19 - V19) * COS(RADIANS(L19)) + (E19 - W19) * SIN(RADIANS(L19)))) * SIN(RADIANS(K19)) + (F19 - X19) * COS(RADIANS(K19)) + X19, IF(U19 = 4, (F19 + X19) - Y19 * (1 - COS(RADIANS(K19))), IF(U19 = 5, F19 - Y19 * (1 - COS(RADIANS(K19))), IF(U19 = 6, (F19 + X19) - Y19 * SIN(RADIANS(Config!$H$18)) * SIN(RADIANS(Config!$H$18)) * (1 - COS(RADIANS(K19))), COS(RADIANS(K19)) * (F19 - X19) + SIN(RADIANS(K19)) * ( Config!$C$15 * (-(D19 - V19) * SIN(RADIANS(L19)) + (E19 - W19) * COS(RADIANS(L19))) - Config!$C$16 * ((D19 - V19) * COS(RADIANS(L19)) + (E19 - W19) * SIN(RADIANS(L19))) ) + (1 - COS(RADIANS(K19))) * ( ((D19 - V19) * COS(RADIANS(L19)) + (E19 - W19) * SIN(RADIANS(L19))) * Config!$C$15 + (-(D19 - V19) * SIN(RADIANS(L19)) + (E19 - W19) * COS(RADIANS(L19))) * Config!$C$16 + (F19 - X19) * Config!$C$17 ) * Config!$C$17 + X19 ) ) ) ) ) ) ) -> 111.33132 | R19: =IF(I19="","", IF(OR( K19 < IF(Config!$C$4=1,Config!$C$34, IF(Config!$C$4=2,Config!$D$34, IF(Config!$C$4=3,Config!$E$34, IF(Config!$C$4=4,Config!$F$34, IF(Config!$C$4=5,Config!$G$34, IF(Config!$C$4=6,Config!$H$34,Config!$I$34) ) ) ) ) ), K19 > IF(Config!$C$4=1,Config!$C$35, IF(Config!$C$4=2,Config!$D$35, IF(Config!$C$4=3,Config!$E$35, IF(Config!$C$4=4,Config!$F$35, IF(Config!$C$4=5,Config!$G$35, IF(Config!$C$4=6,Config!$H$35,Config!$I$35) ) ) ) ) ) ), "⚠ OUT OF RANGE", "OK" ) ) -> OK | S19: =IF(I19="","", IF(OR( L19 < IF(Config!$C$4=1,Config!$C$36, IF(Config!$C$4=2,Config!$D$36, IF(Config!$C$4=3,Config!$E$36, IF(Config!$C$4=4,Config!$F$36, IF(Config!$C$4=5,Config!$G$36, IF(Config!$C$4=6,Config!$H$36,Config!$I$36) ) ) ) ) ), L19 > IF(Config!$C$4=1,Config!$C$37, IF(Config!$C$4=2,Config!$D$37, IF(Config!$C$4=3,Config!$E$37, IF(Config!$C$4=4,Config!$F$37, IF(Config!$C$4=5,Config!$G$37, IF(Config!$C$4=6,Config!$H$37,Config!$I$37) ) ) ) ) ) ), "⚠ OUT OF RANGE", "OK" ) ) -> OK | U19: =Config!$C$4 -> 1 | V19: =IF(U19=1, Config!$C$27, IF(U19=2, Config!$D$27, IF(U19=3, Config!$E$27, IF(U19=4, Config!$F$27, IF(U19=5, Config!$G$27, IF(U19=6, Config!$H$27, Config!$I$27 ) ) ) ) ) ) -> 0 | W19: =IF(U19=1, Config!$C$28, IF(U19=2, Config!$D$28, IF(U19=3, Config!$E$28, IF(U19=4, Config!$F$28, IF(U19=5, Config!$G$28, IF(U19=6, Config!$H$28, Config!$I$28 ) ) ) ) ) ) -> 0 | X19: =IF(U19=1, Config!$C$29, IF(U19=2, Config!$D$29, IF(U19=3, Config!$E$29, IF(U19=4, Config!$F$29, IF(U19=5, Config!$G$29, IF(U19=6, Config!$H$29, Config!$I$29 ) ) ) ) ) ) -> 0 | Y19: =IF(U19=1, Config!$C$30, IF(U19=2, Config!$D$30, IF(U19=3, Config!$E$30, IF(U19=4, Config!$F$30, IF(U19=5, Config!$G$30, IF(U19=6, Config!$H$30, Config!$I$30 ) ) ) ) ) ) -> 0 | AA19: =IF(I19="","", IF(U19<=2, IF(AND(G19=0,H19=0), 0, -K19), IF(U19=3, IF(AND(G19=0,H19=0), 0, -K19), IF(U19=4, IF(K19>=0, 180-K19, -180-K19), IF(U19=5, "N/A", IF(U19=6, IF(AND(G19=0,H19=0), 0, -K19), "N/A" ) ) ) ) ) ) -> 30 | AB19: =IF(I19="","", IF(U19<=2, IF(AND(G19=0,H19=0), 0, IF(L19<=0, L19+180, L19-180) ), IF(U19=3, IF(AND(G19=0,H19=0), 0, IF(L19<=0, L19+180, L19-180) ), IF(U19=4, L19, IF(U19=5, "N/A", IF(U19=6, IF(AND(G19=0,H19=0), 0, IF(L19<=0, L19+180, L19-180) ), "N/A" ) ) ) ) ) ) -> 0 | AD19: =IF(I19="","", IF(Config!$C$51=1, D19, IF(U19<=2, (D19 - V19)*COS(RADIANS(AB19)) + (E19 - W19)*SIN(RADIANS(AB19)) + V19, IF(U19=3, ((D19 - V19)*COS(RADIANS(AB19)) + (E19 - W19)*SIN(RADIANS(AB19)))*COS(RADIANS(AA19)) + (F19 - X19)*SIN(RADIANS(AA19)) + V19, IF(U19=4, (D19*COS(RADIANS(AB19)) + E19*SIN(RADIANS(AB19)) + V19) + Y19*SIN(RADIANS(AA19)), IF(U19=5, D19 + Y19*SIN(RADIANS(AA19))*COS(RADIANS(AB19)), IF(U19=6, (D19*COS(RADIANS(AB19)) + E19*SIN(RADIANS(AB19)) + V19) + Y19*SIN(RADIANS(AA19))*SIN(RADIANS(Config!$H$18)), COS(RADIANS(AA19)) * (((D19 - V19)*COS(RADIANS(AB19)) + (E19 - W19)*SIN(RADIANS(AB19)))) + SIN(RADIANS(AA19)) * ( Config!$C$16*(F19 - X19) - Config!$C$17*(-(D19 - V19)*SIN(RADIANS(AB19)) + (E19 - W19)*COS(RADIANS(AB19))) ) + (1 - COS(RADIANS(AA19))) * ( ((D19 - V19)*COS(RADIANS(AB19)) + (E19 - W19)*SIN(RADIANS(AB19)))*Config!$C$15 + (-(D19 - V19)*SIN(RADIANS(AB19)) + (E19 - W19)*COS(RADIANS(AB19)))*Config!$C$16 + (F19 - X19)*Config!$C$17 ) * Config!$C$15 + V19 ) ) ) ) ) ) ) -> -59.5425 | AE19: =IF(I19="","", IF(Config!$C$51=1, E19, IF(U19 <= 2, (-(D19 - V19) * SIN(RADIANS(AB19)) + (E19 - W19) * COS(RADIANS(AB19))) * COS(RADIANS(AA19)) + (F19 - X19) * SIN(RADIANS(AA19)) + W19, IF(U19 = 3, (-(D19 - V19) * SIN(RADIANS(AB19)) + (E19 - W19) * COS(RADIANS(AB19))) + W19, IF(U19 = 4, -(D19) * SIN(RADIANS(AB19)) + (E19) * COS(RADIANS(AB19)) + W19, IF(U19 = 5, E19 + Y19 * SIN(RADIANS(AA19)) * SIN(RADIANS(AB19)), IF(U19 = 6, (-(D19) * SIN(RADIANS(AB19)) + (E19) * COS(RADIANS(AB19)) + W19) + Y19 * (1 - COS(RADIANS(AA19))) * SIN(RADIANS(Config!$H$18)) * COS(RADIANS(Config!$H$18)), COS(RADIANS(AA19)) * (-(D19 - V19) * SIN(RADIANS(AB19)) + (E19 - W19) * COS(RADIANS(AB19))) + SIN(RADIANS(AA19)) * ( Config!$C$17 * ((D19 - V19) * COS(RADIANS(AB19)) + (E19 - W19) * SIN(RADIANS(AB19))) - Config!$C$15 * (F19 - X19) ) + (1 - COS(RADIANS(AA19))) * ( ((D19 - V19) * COS(RADIANS(AB19)) + (E19 - W19) * SIN(RADIANS(AB19))) * Config!$C$15 + (-(D19 - V19) * SIN(RADIANS(AB19)) + (E19 - W19) * COS(RADIANS(AB19))) * Config!$C$16 + (F19 - X19) * Config!$C$17 ) * Config!$C$16 + W19 ) ) ) ) ) ) ) -> -34.206896 | AF19: =IF(I19="","", IF(Config!$C$51=1, F19, IF(U19 <= 2, -((-(D19 - V19) * SIN(RADIANS(AB19)) + (E19 - W19) * COS(RADIANS(AB19)))) * SIN(RADIANS(AA19)) + (F19 - X19) * COS(RADIANS(AA19)) + X19, IF(U19 = 3, -(((D19 - V19) * COS(RADIANS(AB19)) + (E19 - W19) * SIN(RADIANS(AB19)))) * SIN(RADIANS(AA19)) + (F19 - X19) * COS(RADIANS(AA19)) + X19, IF(U19 = 4, (F19 + X19) - Y19 * (1 - COS(RADIANS(AA19))), IF(U19 = 5, F19 - Y19 * (1 - COS(RADIANS(AA19))), IF(U19 = 6, (F19 + X19) - Y19 * SIN(RADIANS(Config!$H$18)) * SIN(RADIANS(Config!$H$18)) * (1 - COS(RADIANS(AA19))), COS(RADIANS(AA19)) * (F19 - X19) + SIN(RADIANS(AA19)) * ( Config!$C$15 * (-(D19 - V19) * SIN(RADIANS(AB19)) + (E19 - W19) * COS(RADIANS(AB19))) - Config!$C$16 * ((D19 - V19) * COS(RADIANS(AB19)) + (E19 - W19) * SIN(RADIANS(AB19))) ) + (1 - COS(RADIANS(AA19))) * ( ((D19 - V19) * COS(RADIANS(AB19)) + (E19 - W19) * SIN(RADIANS(AB19))) * Config!$C$15 + (-(D19 - V19) * SIN(RADIANS(AB19)) + (E19 - W19) * COS(RADIANS(AB19))) * Config!$C$16 + (F19 - X19) * Config!$C$17 ) * Config!$C$17 + X19 ) ) ) ) ) ) ) -> 111.33132 | AH19: =IF(I19="","", IF(OR(AA19="N/A", AA19=""), "N/A", IF(OR( AA19 < IF(Config!$C$4=1,Config!$C$34, IF(Config!$C$4=2,Config!$D$34, IF(Config!$C$4=3,Config!$E$34, IF(Config!$C$4=4,Config!$F$34, IF(Config!$C$4=5,Config!$G$34, IF(Config!$C$4=6,Config!$H$34,Config!$I$34) ) ) ) ) ), AA19 > IF(Config!$C$4=1,Config!$C$35, IF(Config!$C$4=2,Config!$D$35, IF(Config!$C$4=3,Config!$E$35, IF(Config!$C$4=4,Config!$F$35, IF(Config!$C$4=5,Config!$G$35, IF(Config!$C$4=6,Config!$H$35,Config!$I$35) ) ) ) ) ) ), "⚠ OUT OF RANGE", "OK" ) ) ) -> ⚠ OUT OF RANGE | AI19: =IF(I19="","", IF(OR(AB19="N/A", AB19=""), "N/A", IF(OR( AB19 < IF(Config!$C$4=1,Config!$C$36, IF(Config!$C$4=2,Config!$D$36, IF(Config!$C$4=3,Config!$E$36, IF(Config!$C$4=4,Config!$F$36, IF(Config!$C$4=5,Config!$G$36, IF(Config!$C$4=6,Config!$H$36,Config!$I$36) ) ) ) ) ), AB19 > IF(Config!$C$4=1,Config!$C$37, IF(Config!$C$4=2,Config!$D$37, IF(Config!$C$4=3,Config!$E$37, IF(Config!$C$4=4,Config!$F$37, IF(Config!$C$4=5,Config!$G$37, IF(Config!$C$4=6,Config!$H$37,Config!$I$37) ) ) ) ) ) ), "⚠ OUT OF RANGE", "OK" ) ) ) -> OK
B20: 16 | C20: 006_FRONT_RIGHT | D20: 102.6567 | E20: -53.5717 | F20: 72.0863 | G20: 0.2672612 | H20: -0.2672612 | I20: 0.9258201 | K20: =IF( I20="", "", IF( Config!$C$4<=2, IF( AND(G20=0,H20=0), 0, IF( H20>=0, DEGREES(ACOS(I20)), -DEGREES(ACOS(I20)) ) ), IF( Config!$C$4=3, IF( AND(G20=0,H20=0), 0, IF( G20>=0, DEGREES(ACOS(I20)), -DEGREES(ACOS(I20)) ) ), IF( Config!$C$4=4, IF( AND(G20=0,H20=0), 0, DEGREES(ATAN2(I20,G20)) ), IF( Config!$C$4=5, IF( AND(G20=0,H20=0), 0, DEGREES(ACOS(I20)) ), IF( Config!$C$4=6, IF( AND(G20=0,H20=0), 0, IF( G20>=0, DEGREES(ACOS(2*I20-1)), -DEGREES(ACOS(2*I20-1)) ) ), IF( AND(G20=0,H20=0), 0, IF( ((G20*Config!$C$16-H20*Config!$C$15))<=0, DEGREES( ACOS( MAX( -1, MIN( 1, (I20-Config!$C$20)/Config!$C$21 ) ) ) ), -DEGREES( ACOS( MAX( -1, MIN( 1, (I20-Config!$C$20)/Config!$C$21 ) ) ) ) ) ) ) ) ) ) ) ) -> -22.207654 | L20: =IF( I20="", "", IF( Config!$C$4<=2, IF( AND(G20=0,H20=0), 0, DEGREES(ATAN2(H20,G20)) ), IF( Config!$C$4=3, IF( AND(G20=0,H20=0), 0, DEGREES(ATAN2(G20,-H20)) ), IF( Config!$C$4=4, 0, IF( Config!$C$4=5, IF( AND(G20=0,H20=0), 0, DEGREES(ATAN2(H20,G20)) ), IF( Config!$C$4=6, IF( AND(G20=0,H20=0), 0, DEGREES(ATAN2(H20,G20)) ), 0 ) ) ) ) ) ) -> 135 | N20: =IF(I20="","", IF(Config!$C$51=1, D20, IF(U20<=2, (D20 - V20)*COS(RADIANS(L20)) + (E20 - W20)*SIN(RADIANS(L20)) + V20, IF(U20=3, ((D20 - V20)*COS(RADIANS(L20)) + (E20 - W20)*SIN(RADIANS(L20)))*COS(RADIANS(K20)) + (F20 - X20)*SIN(RADIANS(K20)) + V20, IF(U20=4, (D20*COS(RADIANS(L20)) + E20*SIN(RADIANS(L20)) + V20) + Y20*SIN(RADIANS(K20)), IF(U20=5, D20 + Y20*SIN(RADIANS(K20))*COS(RADIANS(L20)), IF(U20=6, (D20*COS(RADIANS(L20)) + E20*SIN(RADIANS(L20)) + V20) + Y20*SIN(RADIANS(K20))*SIN(RADIANS(Config!$H$18)), COS(RADIANS(K20)) * (((D20 - V20)*COS(RADIANS(L20)) + (E20 - W20)*SIN(RADIANS(L20)))) + SIN(RADIANS(K20)) * ( Config!$C$16*(F20 - X20) - Config!$C$17*(-(D20 - V20)*SIN(RADIANS(L20)) + (E20 - W20)*COS(RADIANS(L20))) ) + (1 - COS(RADIANS(K20))) * ( ((D20 - V20)*COS(RADIANS(L20)) + (E20 - W20)*SIN(RADIANS(L20)))*Config!$C$15 + (-(D20 - V20)*SIN(RADIANS(L20)) + (E20 - W20)*COS(RADIANS(L20)))*Config!$C$16 + (F20 - X20)*Config!$C$17 ) * Config!$C$15 + V20 ) ) ) ) ) ) ) -> -110.47016 | O20: =IF(I20="","", IF(Config!$C$51=1, E20, IF(U20 <= 2, (-(D20 - V20) * SIN(RADIANS(L20)) + (E20 - W20) * COS(RADIANS(L20))) * COS(RADIANS(K20)) + (F20 - X20) * SIN(RADIANS(K20)) + W20, IF(U20 = 3, (-(D20 - V20) * SIN(RADIANS(L20)) + (E20 - W20) * COS(RADIANS(L20))) + W20, IF(U20 = 4, -(D20) * SIN(RADIANS(L20)) + (E20) * COS(RADIANS(L20)) + W20, IF(U20 = 5, E20 + Y20 * SIN(RADIANS(K20)) * SIN(RADIANS(L20)), IF(U20 = 6, (-(D20) * SIN(RADIANS(L20)) + (E20) * COS(RADIANS(L20)) + W20) + Y20 * (1 - COS(RADIANS(K20))) * SIN(RADIANS(Config!$H$18)) * COS(RADIANS(Config!$H$18)), COS(RADIANS(K20)) * (-(D20 - V20) * SIN(RADIANS(L20)) + (E20 - W20) * COS(RADIANS(L20))) + SIN(RADIANS(K20)) * ( Config!$C$17 * ((D20 - V20) * COS(RADIANS(L20)) + (E20 - W20) * SIN(RADIANS(L20))) - Config!$C$15 * (F20 - X20) ) + (1 - COS(RADIANS(K20))) * ( ((D20 - V20) * COS(RADIANS(L20)) + (E20 - W20) * SIN(RADIANS(L20))) * Config!$C$15 + (-(D20 - V20) * SIN(RADIANS(L20)) + (E20 - W20) * COS(RADIANS(L20))) * Config!$C$16 + (F20 - X20) * Config!$C$17 ) * Config!$C$16 + W20 ) ) ) ) ) ) ) -> -59.379736 | P20: =IF(I20="","", IF(Config!$C$51=1, F20, IF(U20 <= 2, -((-(D20 - V20) * SIN(RADIANS(L20)) + (E20 - W20) * COS(RADIANS(L20)))) * SIN(RADIANS(K20)) + (F20 - X20) * COS(RADIANS(K20)) + X20, IF(U20 = 3, -(((D20 - V20) * COS(RADIANS(L20)) + (E20 - W20) * SIN(RADIANS(L20)))) * SIN(RADIANS(K20)) + (F20 - X20) * COS(RADIANS(K20)) + X20, IF(U20 = 4, (F20 + X20) - Y20 * (1 - COS(RADIANS(K20))), IF(U20 = 5, F20 - Y20 * (1 - COS(RADIANS(K20))), IF(U20 = 6, (F20 + X20) - Y20 * SIN(RADIANS(Config!$H$18)) * SIN(RADIANS(Config!$H$18)) * (1 - COS(RADIANS(K20))), COS(RADIANS(K20)) * (F20 - X20) + SIN(RADIANS(K20)) * ( Config!$C$15 * (-(D20 - V20) * SIN(RADIANS(L20)) + (E20 - W20) * COS(RADIANS(L20))) - Config!$C$16 * ((D20 - V20) * COS(RADIANS(L20)) + (E20 - W20) * SIN(RADIANS(L20))) ) + (1 - COS(RADIANS(K20))) * ( ((D20 - V20) * COS(RADIANS(L20)) + (E20 - W20) * SIN(RADIANS(L20))) * Config!$C$15 + (-(D20 - V20) * SIN(RADIANS(L20)) + (E20 - W20) * COS(RADIANS(L20))) * Config!$C$16 + (F20 - X20) * Config!$C$17 ) * Config!$C$17 + X20 ) ) ) ) ) ) ) -> 53.620427 | R20: =IF(I20="","", IF(OR( K20 < IF(Config!$C$4=1,Config!$C$34, IF(Config!$C$4=2,Config!$D$34, IF(Config!$C$4=3,Config!$E$34, IF(Config!$C$4=4,Config!$F$34, IF(Config!$C$4=5,Config!$G$34, IF(Config!$C$4=6,Config!$H$34,Config!$I$34) ) ) ) ) ), K20 > IF(Config!$C$4=1,Config!$C$35, IF(Config!$C$4=2,Config!$D$35, IF(Config!$C$4=3,Config!$E$35, IF(Config!$C$4=4,Config!$F$35, IF(Config!$C$4=5,Config!$G$35, IF(Config!$C$4=6,Config!$H$35,Config!$I$35) ) ) ) ) ) ), "⚠ OUT OF RANGE", "OK" ) ) -> OK | S20: =IF(I20="","", IF(OR( L20 < IF(Config!$C$4=1,Config!$C$36, IF(Config!$C$4=2,Config!$D$36, IF(Config!$C$4=3,Config!$E$36, IF(Config!$C$4=4,Config!$F$36, IF(Config!$C$4=5,Config!$G$36, IF(Config!$C$4=6,Config!$H$36,Config!$I$36) ) ) ) ) ), L20 > IF(Config!$C$4=1,Config!$C$37, IF(Config!$C$4=2,Config!$D$37, IF(Config!$C$4=3,Config!$E$37, IF(Config!$C$4=4,Config!$F$37, IF(Config!$C$4=5,Config!$G$37, IF(Config!$C$4=6,Config!$H$37,Config!$I$37) ) ) ) ) ) ), "⚠ OUT OF RANGE", "OK" ) ) -> OK | U20: =Config!$C$4 -> 1 | V20: =IF(U20=1, Config!$C$27, IF(U20=2, Config!$D$27, IF(U20=3, Config!$E$27, IF(U20=4, Config!$F$27, IF(U20=5, Config!$G$27, IF(U20=6, Config!$H$27, Config!$I$27 ) ) ) ) ) ) -> 0 | W20: =IF(U20=1, Config!$C$28, IF(U20=2, Config!$D$28, IF(U20=3, Config!$E$28, IF(U20=4, Config!$F$28, IF(U20=5, Config!$G$28, IF(U20=6, Config!$H$28, Config!$I$28 ) ) ) ) ) ) -> 0 | X20: =IF(U20=1, Config!$C$29, IF(U20=2, Config!$D$29, IF(U20=3, Config!$E$29, IF(U20=4, Config!$F$29, IF(U20=5, Config!$G$29, IF(U20=6, Config!$H$29, Config!$I$29 ) ) ) ) ) ) -> 0 | Y20: =IF(U20=1, Config!$C$30, IF(U20=2, Config!$D$30, IF(U20=3, Config!$E$30, IF(U20=4, Config!$F$30, IF(U20=5, Config!$G$30, IF(U20=6, Config!$H$30, Config!$I$30 ) ) ) ) ) ) -> 0 | AA20: =IF(I20="","", IF(U20<=2, IF(AND(G20=0,H20=0), 0, -K20), IF(U20=3, IF(AND(G20=0,H20=0), 0, -K20), IF(U20=4, IF(K20>=0, 180-K20, -180-K20), IF(U20=5, "N/A", IF(U20=6, IF(AND(G20=0,H20=0), 0, -K20), "N/A" ) ) ) ) ) ) -> 22.207654 | AB20: =IF(I20="","", IF(U20<=2, IF(AND(G20=0,H20=0), 0, IF(L20<=0, L20+180, L20-180) ), IF(U20=3, IF(AND(G20=0,H20=0), 0, IF(L20<=0, L20+180, L20-180) ), IF(U20=4, L20, IF(U20=5, "N/A", IF(U20=6, IF(AND(G20=0,H20=0), 0, IF(L20<=0, L20+180, L20-180) ), "N/A" ) ) ) ) ) ) -> -45 | AD20: =IF(I20="","", IF(Config!$C$51=1, D20, IF(U20<=2, (D20 - V20)*COS(RADIANS(AB20)) + (E20 - W20)*SIN(RADIANS(AB20)) + V20, IF(U20=3, ((D20 - V20)*COS(RADIANS(AB20)) + (E20 - W20)*SIN(RADIANS(AB20)))*COS(RADIANS(AA20)) + (F20 - X20)*SIN(RADIANS(AA20)) + V20, IF(U20=4, (D20*COS(RADIANS(AB20)) + E20*SIN(RADIANS(AB20)) + V20) + Y20*SIN(RADIANS(AA20)), IF(U20=5, D20 + Y20*SIN(RADIANS(AA20))*COS(RADIANS(AB20)), IF(U20=6, (D20*COS(RADIANS(AB20)) + E20*SIN(RADIANS(AB20)) + V20) + Y20*SIN(RADIANS(AA20))*SIN(RADIANS(Config!$H$18)), COS(RADIANS(AA20)) * (((D20 - V20)*COS(RADIANS(AB20)) + (E20 - W20)*SIN(RADIANS(AB20)))) + SIN(RADIANS(AA20)) * ( Config!$C$16*(F20 - X20) - Config!$C$17*(-(D20 - V20)*SIN(RADIANS(AB20)) + (E20 - W20)*COS(RADIANS(AB20))) ) + (1 - COS(RADIANS(AA20))) * ( ((D20 - V20)*COS(RADIANS(AB20)) + (E20 - W20)*SIN(RADIANS(AB20)))*Config!$C$15 + (-(D20 - V20)*SIN(RADIANS(AB20)) + (E20 - W20)*COS(RADIANS(AB20)))*Config!$C$16 + (F20 - X20)*Config!$C$17 ) * Config!$C$15 + V20 ) ) ) ) ) ) ) -> 110.47016 | AE20: =IF(I20="","", IF(Config!$C$51=1, E20, IF(U20 <= 2, (-(D20 - V20) * SIN(RADIANS(AB20)) + (E20 - W20) * COS(RADIANS(AB20))) * COS(RADIANS(AA20)) + (F20 - X20) * SIN(RADIANS(AA20)) + W20, IF(U20 = 3, (-(D20 - V20) * SIN(RADIANS(AB20)) + (E20 - W20) * COS(RADIANS(AB20))) + W20, IF(U20 = 4, -(D20) * SIN(RADIANS(AB20)) + (E20) * COS(RADIANS(AB20)) + W20, IF(U20 = 5, E20 + Y20 * SIN(RADIANS(AA20)) * SIN(RADIANS(AB20)), IF(U20 = 6, (-(D20) * SIN(RADIANS(AB20)) + (E20) * COS(RADIANS(AB20)) + W20) + Y20 * (1 - COS(RADIANS(AA20))) * SIN(RADIANS(Config!$H$18)) * COS(RADIANS(Config!$H$18)), COS(RADIANS(AA20)) * (-(D20 - V20) * SIN(RADIANS(AB20)) + (E20 - W20) * COS(RADIANS(AB20))) + SIN(RADIANS(AA20)) * ( Config!$C$17 * ((D20 - V20) * COS(RADIANS(AB20)) + (E20 - W20) * SIN(RADIANS(AB20))) - Config!$C$15 * (F20 - X20) ) + (1 - COS(RADIANS(AA20))) * ( ((D20 - V20) * COS(RADIANS(AB20)) + (E20 - W20) * SIN(RADIANS(AB20))) * Config!$C$15 + (-(D20 - V20) * SIN(RADIANS(AB20)) + (E20 - W20) * COS(RADIANS(AB20))) * Config!$C$16 + (F20 - X20) * Config!$C$17 ) * Config!$C$16 + W20 ) ) ) ) ) ) ) -> 59.379736 | AF20: =IF(I20="","", IF(Config!$C$51=1, F20, IF(U20 <= 2, -((-(D20 - V20) * SIN(RADIANS(AB20)) + (E20 - W20) * COS(RADIANS(AB20)))) * SIN(RADIANS(AA20)) + (F20 - X20) * COS(RADIANS(AA20)) + X20, IF(U20 = 3, -(((D20 - V20) * COS(RADIANS(AB20)) + (E20 - W20) * SIN(RADIANS(AB20)))) * SIN(RADIANS(AA20)) + (F20 - X20) * COS(RADIANS(AA20)) + X20, IF(U20 = 4, (F20 + X20) - Y20 * (1 - COS(RADIANS(AA20))), IF(U20 = 5, F20 - Y20 * (1 - COS(RADIANS(AA20))), IF(U20 = 6, (F20 + X20) - Y20 * SIN(RADIANS(Config!$H$18)) * SIN(RADIANS(Config!$H$18)) * (1 - COS(RADIANS(AA20))), COS(RADIANS(AA20)) * (F20 - X20) + SIN(RADIANS(AA20)) * ( Config!$C$15 * (-(D20 - V20) * SIN(RADIANS(AB20)) + (E20 - W20) * COS(RADIANS(AB20))) - Config!$C$16 * ((D20 - V20) * COS(RADIANS(AB20)) + (E20 - W20) * SIN(RADIANS(AB20))) ) + (1 - COS(RADIANS(AA20))) * ( ((D20 - V20) * COS(RADIANS(AB20)) + (E20 - W20) * SIN(RADIANS(AB20))) * Config!$C$15 + (-(D20 - V20) * SIN(RADIANS(AB20)) + (E20 - W20) * COS(RADIANS(AB20))) * Config!$C$16 + (F20 - X20) * Config!$C$17 ) * Config!$C$17 + X20 ) ) ) ) ) ) ) -> 53.620427 | AH20: =IF(I20="","", IF(OR(AA20="N/A", AA20=""), "N/A", IF(OR( AA20 < IF(Config!$C$4=1,Config!$C$34, IF(Config!$C$4=2,Config!$D$34, IF(Config!$C$4=3,Config!$E$34, IF(Config!$C$4=4,Config!$F$34, IF(Config!$C$4=5,Config!$G$34, IF(Config!$C$4=6,Config!$H$34,Config!$I$34) ) ) ) ) ), AA20 > IF(Config!$C$4=1,Config!$C$35, IF(Config!$C$4=2,Config!$D$35, IF(Config!$C$4=3,Config!$E$35, IF(Config!$C$4=4,Config!$F$35, IF(Config!$C$4=5,Config!$G$35, IF(Config!$C$4=6,Config!$H$35,Config!$I$35) ) ) ) ) ) ), "⚠ OUT OF RANGE", "OK" ) ) ) -> OK | AI20: =IF(I20="","", IF(OR(AB20="N/A", AB20=""), "N/A", IF(OR( AB20 < IF(Config!$C$4=1,Config!$C$36, IF(Config!$C$4=2,Config!$D$36, IF(Config!$C$4=3,Config!$E$36, IF(Config!$C$4=4,Config!$F$36, IF(Config!$C$4=5,Config!$G$36, IF(Config!$C$4=6,Config!$H$36,Config!$I$36) ) ) ) ) ), AB20 > IF(Config!$C$4=1,Config!$C$37, IF(Config!$C$4=2,Config!$D$37, IF(Config!$C$4=3,Config!$E$37, IF(Config!$C$4=4,Config!$F$37, IF(Config!$C$4=5,Config!$G$37, IF(Config!$C$4=6,Config!$H$37,Config!$I$37) ) ) ) ) ) ), "⚠ OUT OF RANGE", "OK" ) ) ) -> OK
